{
    "A": {
        "brisbane": {
            "0": {
                "0": 0.5715,
                "1": 0.5883,
                "2": 0.5598
            },
            "1": {
                "0": 0.9666,
                "1": 0.9742,
                "2": 0.9677
            },
            "2": {
                "0": 0.39530000000000004,
                "1": 0.41850000000000004,
                "2": 0.3993
            },
            "3": {
                "0": 0.9618,
                "1": 0.9647,
                "2": 0.962
            },
            "4": {
                "0": 0.3422,
                "1": 0.3527,
                "2": 0.3508
            },
            "5": {
                "0": 0.4862,
                "1": 0.5066,
                "2": 0.5034000000000001
            },
            "6": {
                "0": 0.010199999999999987,
                "1": 0.13290000000000002,
                "2": 0.0063
            },
            "7": {
                "0": 0.9436,
                "1": 0.9362,
                "2": 0.9885
            },
            "8": {
                "0": 0.2651,
                "1": 0.2477,
                "2": 0.2484
            },
            "9": {
                "0": 0.9479000000000001,
                "1": 0.9474,
                "2": 0.9484
            },
            "10": {
                "0": 0.9967,
                "1": 0.9956,
                "2": 0.9964
            },
            "11": {
                "0": 0.9994,
                "1": 0.9963,
                "2": 0.9998
            },
            "12": {
                "0": 0.9983000000000001,
                "1": 0.9997,
                "2": 0.9981
            },
            "13": {
                "0": 0.9355,
                "1": 0.9388,
                "2": 0.9443
            },
            "14": {
                "0": 0.28169999999999995,
                "1": 0.3013,
                "2": 0.2861
            },
            "15": {
                "0": 0.009299999999999975,
                "1": 0.012599999999999972,
                "2": 0.0010999999999999899
            },
            "16": {
                "0": 0.0010999999999999899,
                "1": 0.0003999999999999837,
                "2": 0.01849999999999999
            },
            "17": {
                "0": 0.40790000000000004,
                "1": 0.36160000000000003,
                "2": 0.3138000000000001
            },
            "18": {
                "0": 0.010499999999999982,
                "1": 0.012299999999999978,
                "2": 0.01319999999999999
            },
            "19": {
                "0": 0.019800000000000012,
                "1": 0.0023999999999999855,
                "2": 0.0021999999999999797
            }
        }
    },
    "C": {
        "brisbane": {
            "0": {
                "0": 0.576,
                "1": 0.5765,
                "2": 0.5823
            },
            "1": {
                "0": 0.9683,
                "1": 0.9629,
                "2": 0.9646
            },
            "2": {
                "0": 0.40140000000000003,
                "1": 0.4016,
                "2": 0.39940000000000003
            },
            "3": {
                "0": 0.9395,
                "1": 0.9423,
                "2": 0.9347
            },
            "4": {
                "0": 0.3509,
                "1": 0.3512,
                "2": 0.3459
            },
            "5": {
                "0": 0.5086,
                "1": 0.5176000000000001,
                "2": 0.5184
            },
            "6": {
                "0": 0.007000000000000006,
                "1": 0.020900000000000002,
                "2": 0.013700000000000018
            },
            "7": {
                "0": 0.9515,
                "1": 0.9503,
                "2": 0.9457
            },
            "8": {
                "0": 0.24579999999999996,
                "1": 0.251,
                "2": 0.24569999999999997
            },
            "9": {
                "0": 0.8707,
                "1": 0.8747,
                "2": 0.875
            },
            "10": {
                "0": 0.989,
                "1": 0.9878,
                "2": 0.9877
            },
            "11": {
                "0": 0.9982,
                "1": 0.9985,
                "2": 0.9988
            },
            "12": {
                "0": 0.9985,
                "1": 0.9979,
                "2": 0.9982000000000001
            },
            "13": {
                "0": 0.9480999999999999,
                "1": 0.9457,
                "2": 0.9479
            },
            "14": {
                "0": 0.29799999999999993,
                "1": 0.2913,
                "2": 0.2946
            },
            "15": {
                "0": 0.02049999999999999,
                "1": 0.01880000000000001,
                "2": 0.03149999999999997
            },
            "16": {
                "0": 0.006299999999999972,
                "1": 0.0002999999999999947,
                "2": 0.010299999999999976
            },
            "17": {
                "0": 0.30590000000000006,
                "1": 0.3226,
                "2": 0.32130000000000003
            },
            "18": {
                "0": 0.009399999999999992,
                "1": 0.005600000000000022,
                "2": 0.012900000000000023
            },
            "19": {
                "0": 0.06630000000000003,
                "1": 0.07020000000000001,
                "2": 0.07010000000000002
            }
        }
    }
}