{
    "A": {
        "brisbane": {
            "0": {
                "0": 9.435327252488444,
                "1": 9.154378884906173,
                "2": 9.156312792165325
            },
            "1": {
                "0": 16.744871904039698,
                "1": 16.925553187422242,
                "2": 16.75766613230162
            },
            "2": {
                "0": 0.927085386753783,
                "1": 0.97013943791728,
                "2": 0.9129493665659966
            },
            "3": {
                "0": 18.742282792620724,
                "1": 18.75432047929218,
                "2": 18.697169030184973
            },
            "4": {
                "0": 0.7472992682153495,
                "1": 0.7735992261264658,
                "2": 0.7684642975247624
            },
            "5": {
                "0": 9.83068996917375,
                "1": 10.270066477443455,
                "2": 10.200764527344349
            },
            "6": {
                "0": 0.00020811185978243316,
                "1": 0.03564648743220743,
                "2": 7.94205520504871e-05
            },
            "7": {
                "0": 18.973865894140037,
                "1": 18.784676032356593,
                "2": 20.312513246992623
            },
            "8": {
                "0": 0.19459665596805675,
                "1": 0.17401069062260738,
                "2": 0.19642606830402218
            },
            "9": {
                "0": 13.151618443634263,
                "1": 13.125186020077672,
                "2": 13.156732040491674
            },
            "10": {
                "0": 17.42053402023202,
                "1": 17.393102123079718,
                "2": 17.413415720662506
            },
            "11": {
                "0": 16.95720459819484,
                "1": 16.866883673356845,
                "2": 17.36799468744829
            },
            "12": {
                "0": 14.774468829329622,
                "1": 14.953215411173426,
                "2": 14.526186734804966
            },
            "13": {
                "0": 18.771495638424543,
                "1": 18.84908263371379,
                "2": 18.986616823891374
            },
            "14": {
                "0": 0.192780413218981,
                "1": 0.2187300119388531,
                "2": 0.19847205842495838
            },
            "15": {
                "0": 0.00017298997537275318,
                "1": 0.00031755361479266636,
                "2": 2.420001951597677e-06
            },
            "16": {
                "0": 2.420001951597677e-06,
                "1": 3.200000339582932e-07,
                "2": 0.0006846562655332157
            },
            "17": {
                "0": 0.4000648711144829,
                "1": 0.31948975218247844,
                "2": 0.2454283919559225
            },
            "18": {
                "0": 0.0002205162095653794,
                "1": 0.0003026105255479663,
                "2": 0.0003485204906563122
            },
            "19": {
                "0": 0.0007842850556433779,
                "1": 1.152004423490404e-05,
                "2": 9.680031232438702e-06
            }
        }
    },
    "C": {
        "brisbane": {
            "0": {
                "0": 9.268201158644771,
                "1": 9.279953792571009,
                "2": 9.352965121039597
            },
            "1": {
                "0": 16.77760543469365,
                "1": 16.6473282487943,
                "2": 16.74875660312601
            },
            "2": {
                "0": 0.8800271444540979,
                "1": 0.8771258810455865,
                "2": 0.8926912405866173
            },
            "3": {
                "0": 18.242969113790664,
                "1": 18.304239557195352,
                "2": 18.134141717060523
            },
            "4": {
                "0": 0.7749404962581896,
                "1": 0.774915063018206,
                "2": 0.7612607452623049
            },
            "5": {
                "0": 10.313344627418752,
                "1": 10.508750343265174,
                "2": 10.52772087930411
            },
            "6": {
                "0": 9.801902028154421e-05,
                "1": 0.000873720726161948,
                "2": 0.00037542652426613386
            },
            "7": {
                "0": 19.144557133635168,
                "1": 19.117617216679097,
                "2": 19.01041449499508
            },
            "8": {
                "0": 0.14449608264715783,
                "1": 0.14930644484691524,
                "2": 0.14345178144728543
            },
            "9": {
                "0": 11.83875909680903,
                "1": 11.914842753634302,
                "2": 11.885096494406726
            },
            "10": {
                "0": 17.622496235198184,
                "1": 17.587109666913026,
                "2": 17.599437555999284
            },
            "11": {
                "0": 16.836487377433738,
                "1": 16.846271464752256,
                "2": 16.8495969697588
            },
            "12": {
                "0": 14.527344775872184,
                "1": 14.518176350498287,
                "2": 14.512172728209343
            },
            "13": {
                "0": 19.07588952015738,
                "1": 19.01644587772087,
                "2": 19.06722100009983
            },
            "14": {
                "0": 0.21425333683480277,
                "1": 0.20529838975806977,
                "2": 0.2096865892257151
            },
            "15": {
                "0": 0.0008407356383945269,
                "1": 0.0007070466538983342,
                "2": 0.001985814834911427
            },
            "16": {
                "0": 7.938210051231659e-05,
                "1": 1.8000001076397439e-07,
                "2": 0.00021219500928957788
            },
            "17": {
                "0": 0.23407041797483907,
                "1": 0.2583743391980039,
                "2": 0.2564423540514108
            },
            "18": {
                "0": 0.00017673041142267365,
                "1": 6.272131131944327e-05,
                "2": 0.0003328569328186516
            },
            "19": {
                "0": 0.008817325703634825,
                "1": 0.009888718816673608,
                "2": 0.009860472499233719
            }
        }
    }
}