{
    "127": 0.19577916567688528,
    "12": -0.21859146573664756,
    "13": -0.5873253093102221,
    "28": 0.8474977800739968,
    "29": 0.310867284479569,
    "30": 0.12993836979176224,
    "17": 0.04291791031028569,
    "11": 0.35495357972678876,
    "31": -0.059540648325485224,
    "3": -1.3115963978153813,
    "4": -0.1631519712656987,
    "5": 1.0321457818120796,
    "6": 0.5358343139592425,
    "7": 0.30906182806102467,
    "15": -0.32359355336083223,
    "21": -2.153808011513636,
    "22": -0.9125593552089979,
    "23": -0.24604992192095113,
    "8": -0.06259762653636665,
    "9": -0.3720023656898236,
    "10": 0.9923840466062867,
    "16": 0.2633972098518968,
    "25": 1.2735016777269064,
    "26": 0.923683707431137,
    "27": 1.1705566380435524,
    "32": -0.18062398238436314,
    "35": 1.0530244749216835,
    "85": -0.8874613833167726,
    "66": -0.7876233698799607,
    "84": -0.8344736441093431,
    "83": -1.075386829278305,
    "65": -0.7842824553266049,
    "73": -0.9352933954954004,
    "86": -0.7562246862015168,
    "87": -0.5172387680173377,
    "88": -0.45910010546661156,
    "82": -1.1886993777581176,
    "92": -1.3530961887728021,
    "2": -0.5300984891061064,
    "46": 1.178894916355072,
    "47": 1.1342578776408112,
    "49": 1.202528804081703,
    "48": 1.1756677459475153,
    "45": 1.1650743334012625,
    "72": -1.4183880375535918,
    "78": -1.4183880375535918,
    "79": -1.4183880375535918,
    "80": -1.4183880375535918,
    "81": -1.4183880375535916,
    "102": -1.4183880375535916,
    "1": 1.2761334821970203,
    "24": 1.2751899378169278,
    "34": 1.2761334821970198,
    "43": 1.2761334821970203,
    "44": 1.2761334821970203,
    "50": 1.2761334821970207,
    "55": 1.1707295119769399,
    "68": 1.0921932204404095
}