{
    "A": {
        "brisbane": {
            "0": {
                "0": 0.5614,
                "1": 0.5724,
                "2": 0.5765
            },
            "1": {
                "0": 0.9716,
                "1": 0.9662999999999999,
                "2": 0.9803
            },
            "2": {
                "0": 0.4005,
                "1": 0.4094,
                "2": 0.3968
            },
            "3": {
                "0": 0.9667,
                "1": 0.974,
                "2": 0.9618
            },
            "4": {
                "0": 0.3483,
                "1": 0.3416,
                "2": 0.3492
            },
            "5": {
                "0": 0.5036,
                "1": 0.4862,
                "2": 0.4838
            },
            "6": {
                "0": 0.01090000000000002,
                "1": 0.025000000000000022,
                "2": 0.0013999999999999846
            },
            "7": {
                "0": 0.9505,
                "1": 0.9452,
                "2": 0.965
            },
            "8": {
                "0": 0.2539,
                "1": 0.32439999999999997,
                "2": 0.3102
            },
            "9": {
                "0": 0.9376,
                "1": 0.9449000000000001,
                "2": 0.9463
            },
            "10": {
                "0": 0.9951,
                "1": 0.9965,
                "2": 0.9964
            },
            "11": {
                "0": 0.9975,
                "1": 0.9977,
                "2": 0.9991
            },
            "12": {
                "0": 0.9983000000000001,
                "1": 0.9974000000000001,
                "2": 0.9978
            },
            "13": {
                "0": 0.9323,
                "1": 0.9389,
                "2": 0.9415
            },
            "14": {
                "0": 0.2662,
                "1": 0.29499999999999993,
                "2": 0.3044
            },
            "15": {
                "0": 0.01680000000000001,
                "1": 0.010000000000000009,
                "2": 0.0010999999999999899
            },
            "16": {
                "0": 0.0004999999999999727,
                "1": 0.00739999999999999,
                "2": 0.01090000000000002
            },
            "17": {
                "0": 0.30210000000000004,
                "1": 0.34130000000000005,
                "2": 0.3234
            },
            "18": {
                "0": 0.045599999999999974,
                "1": 0.005399999999999988,
                "2": 0.0011999999999999789
            },
            "19": {
                "0": 0.0032999999999999974,
                "1": 0.0038000000000000256,
                "2": 0.01849999999999999
            }
        }
    },
    "C": {
        "brisbane": {
            "0": {
                "0": 0.5721,
                "1": 0.5706,
                "2": 0.5746
            },
            "1": {
                "0": 0.971,
                "1": 0.9683999999999999,
                "2": 0.9684
            },
            "2": {
                "0": 0.4162,
                "1": 0.4153,
                "2": 0.4138
            },
            "3": {
                "0": 0.956,
                "1": 0.9597,
                "2": 0.9621
            },
            "4": {
                "0": 0.35459999999999997,
                "1": 0.3492,
                "2": 0.3558
            },
            "5": {
                "0": 0.5437,
                "1": 0.5505,
                "2": 0.5474
            },
            "6": {
                "0": 0.019399999999999973,
                "1": 0.017599999999999977,
                "2": 0.01639999999999997
            },
            "7": {
                "0": 0.9358,
                "1": 0.9347,
                "2": 0.9336
            },
            "8": {
                "0": 0.2535,
                "1": 0.2582,
                "2": 0.2652
            },
            "9": {
                "0": 0.9046000000000001,
                "1": 0.9056000000000001,
                "2": 0.9104
            },
            "10": {
                "0": 0.9908,
                "1": 0.9896,
                "2": 0.9892
            },
            "11": {
                "0": 0.9953,
                "1": 0.9964,
                "2": 0.9953
            },
            "12": {
                "0": 0.9983000000000001,
                "1": 0.9973000000000001,
                "2": 0.9976
            },
            "13": {
                "0": 0.9318,
                "1": 0.9333,
                "2": 0.9309000000000001
            },
            "14": {
                "0": 0.3094,
                "1": 0.3065,
                "2": 0.30579999999999996
            },
            "15": {
                "0": 0.009199999999999986,
                "1": 0.016599999999999976,
                "2": 0.007700000000000012
            },
            "16": {
                "0": 0.012399999999999994,
                "1": 0.022199999999999998,
                "2": 0.018199999999999994
            },
            "17": {
                "0": 0.3246,
                "1": 0.32600000000000007,
                "2": 0.3338
            },
            "18": {
                "0": 0.026100000000000012,
                "1": 0.018299999999999983,
                "2": 0.020700000000000024
            },
            "19": {
                "0": 0.02739999999999998,
                "1": 0.019800000000000012,
                "2": 0.03159999999999999
            }
        }
    }
}