{
    "A": {
        "brisbane": {
            "0": {
                "0": 9.204649283047146,
                "1": 9.406437998226709,
                "2": 9.216760297152454
            },
            "1": {
                "0": 16.853562957627627,
                "1": 16.67142284641017,
                "2": 17.101790477368777
            },
            "2": {
                "0": 0.935298921540463,
                "1": 0.947222604181171,
                "2": 0.932768441057588
            },
            "3": {
                "0": 18.796232310905907,
                "1": 18.964278224831496,
                "2": 18.684799233828702
            },
            "4": {
                "0": 0.7602164876506019,
                "1": 0.7472995305437073,
                "2": 0.7643650485667326
            },
            "5": {
                "0": 10.243906390984396,
                "1": 9.8288095467245,
                "2": 9.777272470415014
            },
            "6": {
                "0": 0.00023765468571216447,
                "1": 0.0012501766030006897,
                "2": 3.921170758320941e-06
            },
            "7": {
                "0": 19.137838067896226,
                "1": 18.999736843180045,
                "2": 19.514423004932127
            },
            "8": {
                "0": 0.18250709895885706,
                "1": 0.27208170382264923,
                "2": 0.24996684104762215
            },
            "9": {
                "0": 12.971408209033715,
                "1": 13.109092274146361,
                "2": 13.121332547337282
            },
            "10": {
                "0": 17.49669386278528,
                "1": 17.413488786645434,
                "2": 17.415383043587035
            },
            "11": {
                "0": 16.821132545528258,
                "1": 16.805126184637285,
                "2": 16.87216364685114
            },
            "12": {
                "0": 14.561323328379085,
                "1": 14.532955329500204,
                "2": 14.481995806837189
            },
            "13": {
                "0": 18.70564210979538,
                "1": 18.84965352142276,
                "2": 18.90988867671775
            },
            "14": {
                "0": 0.1733474227975875,
                "1": 0.2102214528022303,
                "2": 0.22297508815608053
            },
            "15": {
                "0": 0.0005645862604368168,
                "1": 0.00020001333542717277,
                "2": 2.420001951597677e-06
            },
            "16": {
                "0": 5.000000831222691e-07,
                "1": 0.00010952399853846398,
                "2": 0.0002376388246192688
            },
            "17": {
                "0": 0.2286960123494147,
                "1": 0.28691487968078483,
                "2": 0.25956661713316564
            },
            "18": {
                "0": 0.00416450424904731,
                "1": 5.832113378197862e-05,
                "2": 2.8800027641747664e-06
            },
            "19": {
                "0": 2.1780158121143672e-05,
                "1": 2.8880278018836476e-05,
                "2": 0.0006846562655332157
            }
        }
    },
    "C": {
        "brisbane": {
            "0": {
                "0": 9.325527305930866,
                "1": 9.26308577034918,
                "2": 9.390736900337533
            },
            "1": {
                "0": 16.778409136468987,
                "1": 16.68984285922014,
                "2": 16.737484351301628
            },
            "2": {
                "0": 0.9842343067573562,
                "1": 1.003417759358579,
                "2": 1.0118568788650228
            },
            "3": {
                "0": 18.563719769319086,
                "1": 18.65039754309845,
                "2": 18.70282626818991
            },
            "4": {
                "0": 0.7822836045634382,
                "1": 0.7667289549392673,
                "2": 0.7871501800610748
            },
            "5": {
                "0": 11.078586258124382,
                "1": 11.22847763348361,
                "2": 11.160069047151051
            },
            "6": {
                "0": 0.0007528038496207208,
                "1": 0.0006195885654836017,
                "2": 0.0005379805675538342
            },
            "7": {
                "0": 18.777819779370926,
                "1": 18.754118456294563,
                "2": 18.72699563268249
            },
            "8": {
                "0": 0.1841630140636892,
                "1": 0.1866165151153652,
                "2": 0.19610515230479172
            },
            "9": {
                "0": 12.489307929757725,
                "1": 12.456149222424877,
                "2": 12.50765666904153
            },
            "10": {
                "0": 17.491417832911246,
                "1": 17.46314339939011,
                "2": 17.456007642531805
            },
            "11": {
                "0": 16.869910827175342,
                "1": 16.886117507113127,
                "2": 16.864144114390363
            },
            "12": {
                "0": 14.555010793208332,
                "1": 14.537001688714168,
                "2": 14.552694010575026
            },
            "13": {
                "0": 18.69350951472222,
                "1": 18.729148550989617,
                "2": 18.670805628829303
            },
            "14": {
                "0": 0.22990309763226516,
                "1": 0.2258726520403117,
                "2": 0.22490483455644128
            },
            "15": {
                "0": 0.0001692895531660646,
                "1": 0.0005512212889724269,
                "2": 0.00011858468749316106
            },
            "16": {
                "0": 0.0003075515305462368,
                "1": 0.000986004110467429,
                "2": 0.0006626263707057087
            },
            "17": {
                "0": 0.2613598405011972,
                "1": 0.2634592254906684,
                "2": 0.2752996239523071
            },
            "18": {
                "0": 0.0013630394045074413,
                "1": 0.0006699296151308418,
                "2": 0.000857224972723912
            },
            "19": {
                "0": 0.0015022724246632237,
                "1": 0.0007842850556433779,
                "2": 0.0019984516243848754
            }
        }
    }
}