{
    "A": {
        "kyiv": {
            "0": {
                "0": 9.38426983726271,
                "1": 9.326534706491973,
                "2": 9.390735705209975
            },
            "1": {
                "0": 16.578792284683033,
                "1": 16.571217876953373,
                "2": 16.752822859994698
            },
            "2": {
                "0": 0.9317646472651581,
                "1": 0.9859240304246757,
                "2": 1.0511007615103225
            },
            "3": {
                "0": 19.13908065138071,
                "1": 18.848860363378748,
                "2": 18.652155998767316
            },
            "4": {
                "0": 0.7339470927336456,
                "1": 0.7321677289703789,
                "2": 0.7377295250454202
            },
            "5": {
                "0": 9.971289040520576,
                "1": 10.168131913509683,
                "2": 10.220292667256677
            },
            "6": {
                "0": 0.00015490623006965583,
                "1": 0.00015140582810929323,
                "2": 0.00035382473422291075
            },
            "7": {
                "0": 18.840888523347925,
                "1": 19.30349894464004,
                "2": 19.294998098098276
            },
            "8": {
                "0": 0.23182621081895233,
                "1": 0.2502033879727926,
                "2": 0.20278468707787808
            },
            "9": {
                "0": 13.13844692266581,
                "1": 12.894560094765682,
                "2": 13.185592229502664
            },
            "10": {
                "0": 17.39027741658359,
                "1": 17.420675899453705,
                "2": 17.45113467135404
            },
            "11": {
                "0": 16.866529554003463,
                "1": 17.17309717778707,
                "2": 16.982060897984645
            },
            "12": {
                "0": 14.486156083931455,
                "1": 14.492335813385345,
                "2": 14.472788278245668
            },
            "13": {
                "0": 18.641605279387637,
                "1": 18.54972831176216,
                "2": 18.777787277195582
            },
            "14": {
                "0": 0.20200299936385332,
                "1": 0.1958753466901824,
                "2": 0.19847205842495838
            },
            "15": {
                "0": 0.003398732207957722,
                "1": 5.000083335666896e-05,
                "2": 8.000000217283526e-08
            },
            "16": {
                "0": 4.802076866005853e-05,
                "1": 0.0006699296151308418,
                "2": 5.000000831222691e-07
            },
            "17": {
                "0": 0.23993389962121378,
                "1": 0.22617040185103812,
                "2": 0.23849758188925888
            },
            "18": {
                "0": 0.0003026105255479663,
                "1": 2.1780158121143672e-05,
                "2": 1.6820094302038256e-05
            },
            "19": {
                "0": 0.0001843313262541984,
                "1": 3.698045584616793e-05,
                "2": 7.938210051231659e-05
            }
        },
        "nazca": {
            "0": {
                "0": 9.339240038570871,
                "1": 9.301855657429698,
                "2": 9.218778344681763
            },
            "1": {
                "0": 16.63777371793933,
                "1": 16.678087834059102,
                "2": 16.759586193669577
            },
            "2": {
                "0": 0.9355162611883229,
                "1": 1.8522157306539135,
                "2": 0.8776411133026495
            },
            "3": {
                "0": 18.854281216761038,
                "1": 19.129951991220988,
                "2": 18.903175803361982
            },
            "4": {
                "0": 0.7416106972777458,
                "1": 0.7875953252544735,
                "2": 0.7748214871588592
            },
            "5": {
                "0": 19.69141813739322,
                "1": 20.01694547372923,
                "2": 10.314371221892062
            },
            "6": {
                "0": 0.0004805554000591305,
                "1": 0.4244125011109774,
                "2": 0.000800090076852715
            },
            "7": {
                "0": 19.065600108320567,
                "1": 20.444391174544695,
                "2": 18.43594991404391
            },
            "8": {
                "0": 0.19912528733495943,
                "1": 0.17455864089741996,
                "2": 0.187415181617925
            },
            "9": {
                "0": 13.021784887556777,
                "1": 13.01828041414242,
                "2": 13.194407078128938
            },
            "10": {
                "0": 17.446584169969046,
                "1": 17.383125091307218,
                "2": 17.413726397499637
            },
            "11": {
                "0": 16.822331471111408,
                "1": 16.816719096590774,
                "2": 16.992432523166613
            },
            "12": {
                "0": 14.516067234078841,
                "1": 14.812117044196725,
                "2": 14.578399325093278
            },
            "13": {
                "0": 18.560389070549004,
                "1": 17.830307282099543,
                "2": 19.031757284736063
            },
            "14": {
                "0": 0.20410916905818488,
                "1": 0.20344989098315708,
                "2": 0.19201028011126425
            },
            "15": {
                "0": 7.200001727116238e-07,
                "1": 6.962161572425605e-05,
                "2": 0.0003277158007144818
            },
            "16": {
                "0": 2.8800027641747664e-06,
                "1": 2.0480139808272402e-05,
                "2": 0.002770239020614809
            },
            "17": {
                "0": 0.2588211430443928,
                "1": 0.2288367040644953,
                "2": 0.23478187662836728
            },
            "18": {
                "0": 0.561898481139933,
                "1": 6.728150893395117e-05,
                "2": 0.0002205162095653794
            },
            "19": {
                "0": 0.0012108087646636456,
                "1": 0.004557507843720811,
                "2": 4.418065063834919e-05
            }
        }
    },
    "C": {
        "kyiv": {
            "0": {
                "0": 9.202461953657972,
                "1": 9.271074679021304,
                "2": 9.195886650255297
            },
            "1": {
                "0": 16.591575556282635,
                "1": 16.681071436056587,
                "2": 16.68681168292873
            },
            "2": {
                "0": 0.9130143647151282,
                "1": 0.8670126914604758,
                "2": 0.8867160916994288
            },
            "3": {
                "0": 18.5117949280356,
                "1": 18.439979101001928,
                "2": 18.456991776230744
            },
            "4": {
                "0": 0.8076548643706908,
                "1": 0.7952439318258266,
                "2": 0.7836971002958746
            },
            "5": {
                "0": 10.686500739375765,
                "1": 10.584461839701724,
                "2": 10.367429114972044
            },
            "6": {
                "0": 2.888718297399317e-05,
                "1": 0.00047437486149546834,
                "2": 0.00046823432928336586
            },
            "7": {
                "0": 18.823749625417335,
                "1": 18.785567573865375,
                "2": 18.850987267022102
            },