{
    "A": {
        "kyiv": {
            "0": {
                "0": 0.5717,
                "1": 0.5682,
                "2": 0.5618
            },
            "1": {
                "0": 0.9618,
                "1": 0.964,
                "2": 0.9696
            },
            "2": {
                "0": 0.4168,
                "1": 0.4164,
                "2": 0.41800000000000004
            },
            "3": {
                "0": 0.978,
                "1": 0.969,
                "2": 0.9593
            },
            "4": {
                "0": 0.3396,
                "1": 0.3386,
                "2": 0.3412
            },
            "5": {
                "0": 0.4928,
                "1": 0.5019,
                "2": 0.5042
            },
            "6": {
                "0": 0.008800000000000002,
                "1": 0.008700000000000013,
                "2": 0.013299999999999979
            },
            "7": {
                "0": 0.9386,
                "1": 0.9572,
                "2": 0.957
            },
            "8": {
                "0": 0.3084,
                "1": 0.3149,
                "2": 0.27749999999999997
            },
            "9": {
                "0": 0.9475,
                "1": 0.9325,
                "2": 0.9511000000000001
            },
            "10": {
                "0": 0.9953,
                "1": 0.9956,
                "2": 0.9933
            },
            "11": {
                "0": 0.9983,
                "1": 0.9954,
                "2": 0.9972
            },
            "12": {
                "0": 0.9979,
                "1": 0.998,
                "2": 0.9979
            },
            "13": {
                "0": 0.9298,
                "1": 0.9253,
                "2": 0.9358
            },
            "14": {
                "0": 0.28879999999999995,
                "1": 0.2841,
                "2": 0.2861
            },
            "15": {
                "0": 0.041200000000000014,
                "1": 0.0050000000000000044,
                "2": 0.00019999999999997797
            },
            "16": {
                "0": 0.0049000000000000155,
                "1": 0.018299999999999983,
                "2": 0.0004999999999999727
            },
            "17": {
                "0": 0.31000000000000005,
                "1": 0.3003,
                "2": 0.30900000000000005
            },
            "18": {
                "0": 0.012299999999999978,
                "1": 0.0032999999999999974,
                "2": 0.0029000000000000137
            },
            "19": {
                "0": 0.009600000000000025,
                "1": 0.004299999999999998,
                "2": 0.006299999999999972
            }
        },
        "nazca": {
            "0": {
                "0": 0.5698,
                "1": 0.5755,
                "2": 0.5710000000000001
            },
            "1": {
                "0": 0.9638,
                "1": 0.9651,
                "2": 0.9707
            },
            "2": {
                "0": 0.4046,
                "1": 0.6236,
                "2": 0.4001
            },
            "3": {
                "0": 0.9691,
                "1": 0.9769,
                "2": 0.9706
            },
            "4": {
                "0": 0.34199999999999997,
                "1": 0.3539,
                "2": 0.3526
            },
            "5": {
                "0": 0.9224,
                "1": 0.9359999999999999,
                "2": 0.5037
            },
            "6": {
                "0": 0.015499999999999986,
                "1": 0.42689999999999995,
                "2": 0.020000000000000018
            },
            "7": {
                "0": 0.9477,
                "1": 0.9903,
                "2": 0.9207
            },
            "8": {
                "0": 0.27759999999999996,
                "1": 0.24280000000000002,
                "2": 0.2704
            },
            "9": {
                "0": 0.9387,
                "1": 0.9377,
                "2": 0.9516
            },
            "10": {
                "0": 0.9948,
                "1": 0.9951,
                "2": 0.9964
            },
            "11": {
                "0": 0.9973,
                "1": 0.9985,
                "2": 0.9971
            },
            "12": {
                "0": 0.9974000000000001,
                "1": 0.9986,
                "2": 0.9973000000000001
            },
            "13": {
                "0": 0.9023,
                "1": 0.8763,
                "2": 0.9463
            },
            "14": {
                "0": 0.2904,
                "1": 0.28989999999999994,
                "2": 0.2811
            },
            "15": {
                "0": 0.0006000000000000172,
                "1": 0.005900000000000016,
                "2": 0.012800000000000006
            },
            "16": {
                "0": 0.0011999999999999789,
                "1": 0.0031999999999999806,
                "2": 0.03720000000000001
            },
            "17": {
                "0": 0.3229000000000001,
                "1": 0.3022,
                "2": 0.3064
            },
            "18": {
                "0": 0.471,
                "1": 0.005800000000000027,
                "2": 0.010499999999999982
            },
            "19": {
                "0": 0.024599999999999983,
                "1": 0.04769999999999999,
                "2": 0.00470000000000001
            }
        }
    },
    "C": {
        "kyiv": {
            "0": {
                "0": 0.5623,
                "1": 0.5595,
                "2": 0.5613
            },
            "1": {
                "0": 0.9616,
                "1": 0.9632,
                "2": 0.9671
            },
            "2": {
                "0": 0.41040000000000004,
                "1": 0.4048,
                "2": 0.4133
            },
            "3": {
                "0": 0.9451,
                "1": 0.942,
                "2": 0.9425
            },
            "4": {
                "0": 0.3634,
                "1": 0.3591,
                "2": 0.3559
            },
            "5": {
                "0": 0.5258,
                "1": 0.5211,
                "2": 0.5111
            },
            "6": {
                "0": 0.003799999999999998,
                "1": 0.01539999999999997,
                "2": 0.01529999999999998
            },
            "7": {
                "0": 0.9367,
                "1": 0.935,
                "2": 0.9382
            },
            "8": {
                "0": 0.3051,
                "1": 0.3025,
                "2": 0.3012
            },
            "9": {
                "0": 0.8121,
                "1": 0.8150000000000001,
                "2": 0.8134
            },
            "10": {
                "0": 0.9898,
                "1": 0.9909,
                "2": 0.991
            },
            "11": {
                "0": 0.998,
                "1": 0.9989,
                "2": 0.9989
            },
            "12": {
                "0": 0.9982000000000001,
                "1": 0.9981,
                "2": 0.9982000000000001
            },
            "13": {
                "0": 0.94,
                "1": 0.9419,
                "2": 0.9381
            },
            "14": {
                "0": 0.3036,
                "1": 0.3016,
                "2": 0.29579999999999995
            },
            "15": {
                "0": 0.028599999999999987,
                "1": 0.01949999999999999,
                "2": 0.032
            },
            "16": {
                "0": 0.009199999999999986,
                "1": 0.010099999999999998,