{
    "A": {
        "cusco": {
            "0": {
                "0": 0.5578,
                "1": 0.5685,
                "2": 0.5662
            },
            "1": {
                "0": 0.9662,
                "1": 0.9527,
                "2": 0.9735
            },
            "2": {
                "0": 0.4127,
                "1": 0.4168,
                "2": 0.4282
            },
            "3": {
                "0": 0.9775,
                "1": 0.9684,
                "2": 0.9799
            },
            "4": {
                "0": 0.3548,
                "1": 0.3545,
                "2": 0.3458
            },
            "5": {
                "0": 0.4555,
                "1": 0.539,
                "2": 0.5719000000000001
            },
            "6": {
                "0": 0.0179,
                "1": 0.02629999999999999,
                "2": 0.00739999999999999
            },
            "7": {
                "0": 0.9587,
                "1": 0.9542,
                "2": 0.9649
            },
            "8": {
                "0": 0.2719,
                "1": 0.2915,
                "2": 0.2551
            },
            "9": {
                "0": 0.9513,
                "1": 0.9462,
                "2": 0.9480000000000001
            },
            "10": {
                "0": 0.9969,
                "1": 0.9968,
                "2": 0.996
            },
            "11": {
                "0": 0.9983,
                "1": 0.9985,
                "2": 0.9981
            },
            "12": {
                "0": 0.9977,
                "1": 0.9978,
                "2": 0.998
            },
            "13": {
                "0": 0.9386,
                "1": 0.9459,
                "2": 0.9365
            },
            "14": {
                "0": 0.2722,
                "1": 0.3013,
                "2": 0.29089999999999994
            },
            "15": {
                "0": 0.07730000000000001,
                "1": 0.0040000000000000036,
                "2": 0.036000000000000004
            },
            "16": {
                "0": 0.019000000000000017,
                "1": 0.010399999999999993,
                "2": 0.00949999999999998
            },
            "17": {
                "0": 0.2831,
                "1": 0.30920000000000003,
                "2": 0.29710000000000003
            },
            "18": {
                "0": 0.0048000000000000265,
                "1": 0.04959999999999998,
                "2": 0.01529999999999998
            },
            "19": {
                "0": 0.030200000000000005,
                "1": 0.007800000000000001,
                "2": 0.0040999999999999925
            }
        },
        "kyoto": {
            "0": {
                "0": 0.5695,
                "1": 0.5700000000000001,
                "2": 0.5584
            },
            "1": {
                "0": 0.9722,
                "1": 0.9756,
                "2": 0.9721
            },
            "2": {
                "0": 0.37870000000000004,
                "1": 0.3917,
                "2": 0.40390000000000004
            },
            "3": {
                "0": 0.9752,
                "1": 0.9582,
                "2": 0.9721
            },
            "4": {
                "0": 0.3503,
                "1": 0.4051,
                "2": 0.3433
            },
            "5": {
                "0": 0.5044,
                "1": 0.4949,
                "2": 0.5019
            },
            "6": {
                "0": 0.02159999999999998,
                "1": 0.007199999999999984,
                "2": 0.01059999999999997
            },
            "7": {
                "0": 0.9517,
                "1": 0.9586,
                "2": 0.9465
            },
            "8": {
                "0": 0.3282,
                "1": 0.2537,
                "2": 0.2832
            },
            "9": {
                "0": 0.9519000000000001,
                "1": 0.9449000000000001,
                "2": 0.9457
            },
            "10": {
                "0": 0.9947,
                "1": 0.9956,
                "2": 0.9939
            },
            "11": {
                "0": 0.9973,
                "1": 0.9975,
                "2": 0.995
            },
            "12": {
                "0": 0.998,
                "1": 0.9981000000000001,
                "2": 0.9977
            },
            "13": {
                "0": 0.95,
                "1": 0.9391,
                "2": 0.9539
            },
            "14": {
                "0": 0.2753,
                "1": 0.25539999999999996,
                "2": 0.2996
            },
            "15": {
                "0": 0.0048000000000000265,
                "1": 0.0014999999999999736,
                "2": 0.00019999999999997797
            },
            "16": {
                "0": 0.008099999999999996,
                "1": 0.019399999999999973,
                "2": 0.016000000000000014
            },
            "17": {
                "0": 0.3126,
                "1": 0.3086,
                "2": 0.20500000000000002
            },
            "18": {
                "0": 0.06530000000000002,
                "1": 0.00839999999999999,
                "2": 0.012700000000000017
            },
            "19": {
                "0": 0.0779,
                "1": 0.007199999999999984,
                "2": 0.028499999999999998
            }
        },
        "nazca": {
            "0": {
                "0": 0.5734,
                "1": 0.5686,
                "2": 0.6908
            },
            "1": {
                "0": 0.9772,
                "1": 0.9695,
                "2": 0.9681
            },
            "2": {
                "0": 0.6634,
                "1": 0.4153,
                "2": 0.4148
            },
            "3": {
                "0": 0.9567,
                "1": 0.9506,
                "2": 0.9678
            },
            "4": {
                "0": 0.35150000000000003,
                "1": 0.3584,
                "2": 0.3675
            },
            "5": {
                "0": 0.4964,
                "1": 0.4893,
                "2": 0.49670000000000003
            },
            "6": {
                "0": 0.0003999999999999837,
                "1": 0.024800000000000016,
                "2": 0.05359999999999998
            },
            "7": {
                "0": 0.9472,
                "1": 0.9699,
                "2": 0.9928
            },
            "8": {
                "0": 0.32599999999999996,
                "1": 0.3439,
                "2": 0.3195
            },
            "9": {
                "0": 0.9421,
                "1": 0.9428,
                "2": 0.9498
            },
            "10": {
                "0": 0.9949,
                "1": 0.9958,
                "2": 0.9967
            },
            "11": {
                "0": 0.9936,
                "1": 0.9966,
                "2": 0.9937
            },
            "12": {
                "0": 0.9978,
                "1": 0.9984000000000001,
                "2": 0.9982000000000001
            },
            "13": {
                "0": 0.888,
                "1": 0.9396,
                "2": 0.9356
            },
            "14": {
                "0": 0.2892,
                "1": 0.2637,
                "2": 0.2734
            },
            "15": {
                "0": 0.02300000000000002,
                "1": 0.028100000000000014,
                "2": 0.014000000000000012
            },
            "16": {
                "0": 0.46140000000000003,
                "1": 0.010299999999999976,
                "2": 0.0021999999999999797
            },