{
    "A": {
        "cusco": {
            "0": {
                "0": 9.372748580848492,
                "1": 9.480456354426337,
                "2": 9.27350439407391
            },
            "1": {
                "0": 16.62297846175463,
                "1": 16.521685588484424,
                "2": 16.855961035923738
            },
            "2": {
                "0": 0.8948224833553021,
                "1": 1.0279627549701325,
                "2": 0.9722266816041579
            },
            "3": {
                "0": 19.13673372718645,
                "1": 18.892378048544618,
                "2": 19.133177337909252
            },
            "4": {
                "0": 0.7801853071931502,
                "1": 0.7832596994973375,
                "2": 0.758647007244599
            },
            "5": {
                "0": 9.1718280159162,
                "1": 10.974157902794413,
                "2": 11.696962598794753
            },
            "6": {
                "0": 0.0006408908074737943,
                "1": 0.0013835933274340961,
                "2": 0.00010954061342220191
            },
            "7": {
                "0": 19.335853364717288,
                "1": 19.20889261869982,
                "2": 19.507652945738958
            },
            "8": {
                "0": 0.21735375827550418,
                "1": 0.2486712938255731,
                "2": 0.1608099390033904
            },
            "9": {
                "0": 13.189718014244882,
                "1": 13.122590308801213,
                "2": 13.163441755277994
            },
            "10": {
                "0": 17.427302132706245,
                "1": 17.426232471297062,
                "2": 17.40996576319936
            },
            "11": {
                "0": 16.879282553760174,
                "1": 16.92689265786637,
                "2": 16.85108275777172
            },
            "12": {
                "0": 14.458746833545263,
                "1": 14.520591575081443,
                "2": 14.50213736381673
            },
            "13": {
                "0": 18.84679219050762,
                "1": 19.02110670240859,
                "2": 18.794806396363338
            },
            "14": {
                "0": 0.18075578733408387,
                "1": 0.2187300119388531,
                "2": 0.20476944719422246
            },
            "15": {
                "0": 0.011998646497602586,
                "1": 3.200034133567231e-05,
                "2": 0.002594244144220881
            },
            "16": {
                "0": 0.0007221738616311375,
                "1": 0.00021633560077077667,
                "2": 0.00018051086161561397
            },
            "17": {
                "0": 0.20269070179280588,
                "1": 0.2387845254130093,
                "2": 0.22171243145557942
            },
            "18": {
                "0": 4.608070780567734e-05,
                "1": 0.004928421782129357,
                "2": 0.0004682530914565993
            },
            "19": {
                "0": 0.0018251907105410262,
                "1": 0.0001216849357970045,
                "2": 3.3620376771542615e-05
            }
        },
        "kyoto": {
            "0": {
                "0": 9.339432651153539,
                "1": 9.347920659423595,
                "2": 9.345461921091587
            },
            "1": {
                "0": 16.72783361654713,
                "1": 17.014717673713175,
                "2": 16.894443948078436
            },
            "2": {
                "0": 0.9383483918956591,
                "1": 0.9116474563046975,
                "2": 0.9393768119259818
            },
            "3": {
                "0": 19.02089688347254,
                "1": 18.63385705027637,
                "2": 18.92396296772747
            },
            "4": {
                "0": 0.7715247549807266,
                "1": 0.9744239288150793,
                "2": 0.7434400322716976
            },
            "5": {
                "0": 10.22283269805984,
                "1": 10.022004375441396,
                "2": 10.169151221054504
            },
            "6": {
                "0": 0.0009332302441340083,
                "1": 0.00010373607416292677,
                "2": 0.00022475347251458937
            },
            "7": {
                "0": 19.168648597803955,
                "1": 19.328331683826757,
                "2": 19.02824751939586
            },
            "8": {
                "0": 0.27028049345065736,
                "1": 0.1806322274517648,
                "2": 0.20916236535996113
            },
            "9": {
                "0": 13.204282117396058,
                "1": 13.095167379522739,
                "2": 13.118925366182413
            },
            "10": {
                "0": 17.398158358429686,
                "1": 17.44872252757591,
                "2": 17.363849478885346
            },
            "11": {
                "0": 16.904707184550205,
                "1": 16.760725828199764,
                "2": 16.750783681133548
            },
            "12": {
                "0": 14.516923565644888,
                "1": 14.56291042698375,
                "2": 14.483238218605504
            },
            "13": {
                "0": 19.10970114914842,
                "1": 18.853095999565195,
                "2": 19.241244539603514
            },
            "14": {
                "0": 0.18463991580286937,
                "1": 0.16037596187844813,
                "2": 0.21641840221039108
            },
            "15": {
                "0": 4.608070780567734e-05,
                "1": 4.500006749068482e-06,
                "2": 8.000000217283526e-08
            },
            "16": {
                "0": 0.00013122574013909802,
                "1": 0.0007529089761357209,
                "2": 0.0005120874170419232
            },
            "17": {
                "0": 0.24368704789758344,
                "1": 0.2379241748685495,
                "2": 0.1110971920919403
            },
            "18": {
                "0": 0.008552590211412033,
                "1": 0.0001411266390060669,
                "2": 0.0003226146948420005
            },
            "19": {
                "0": 0.012186403834141823,
                "1": 0.00010368358345735299,
                "2": 0.0016253808116332633
            }
        },
        "nazca": {
            "0": {
                "0": 9.273008304153235,
                "1": 9.237752863634514,
                "2": 10.020342092522867
            },
            "1": {
                "0": 16.97543546267831,
                "1": 16.99324675636538,
                "2": 16.68598872840092
            },
            "2": {
                "0": 1.5730974352617189,
                "1": 1.0474581755904322,
                "2": 0.9541121935613307
            },
            "3": {
                "0": 18.595519595114645,
                "1": 18.479049752754346,
                "2": 18.831334085765878
            },
            "4": {
                "0": 0.771104805481829,
                "1": 0.7910588698651493,
                "2": 0.8336991499735922
            },
            "5": {
                "0": 10.04930525541306,
                "1": 9.897865862719673,
                "2": 10.056014596974311
            },
            "6": {
                "0": 3.201029579145433e-07,
                "1": 0.0012302515890783502,
                "2": 0.0057664328323838235
            },
            "7": {
                "0": 19.0917121318911,
                "1": 19.673910058026756,
                "2": 20.528772600480742
            },
            "8": {
                "0": 0.26557179539570164,