{
    "A": {
        "cusco": {
            "0": {
                "0": 0.5718,
                "1": 0.5734,
                "2": 0.5992
            },
            "1": {
                "0": 0.9644,
                "1": 0.9603999999999999,
                "2": 0.9649
            },
            "2": {
                "0": 0.3867,
                "1": 0.41250000000000003,
                "2": 0.3764
            },
            "3": {
                "0": 0.9696,
                "1": 0.9727,
                "2": 0.9679
            },
            "4": {
                "0": 0.31470000000000004,
                "1": 0.38380000000000003,
                "2": 0.3089
            },
            "5": {
                "0": 0.47,
                "1": 0.4955,
                "2": 0.5023
            },
            "6": {
                "0": 0.058699999999999974,
                "1": 0.014900000000000024,
                "2": 0.0041999999999999815
            },
            "7": {
                "0": 0.9528,
                "1": 0.954,
                "2": 0.9482
            },
            "8": {
                "0": 0.30269999999999997,
                "1": 0.3232,
                "2": 0.2319
            },
            "9": {
                "0": 0.9471,
                "1": 0.9415,
                "2": 0.9452
            },
            "10": {
                "0": 0.9946,
                "1": 0.9933,
                "2": 0.9951
            },
            "11": {
                "0": 0.9952,
                "1": 0.9914,
                "2": 0.9989
            },
            "12": {
                "0": 0.9982000000000001,
                "1": 0.9973,
                "2": 0.998
            },
            "13": {
                "0": 0.9417,
                "1": 0.9223,
                "2": 0.9456
            },
            "14": {
                "0": 0.2662,
                "1": 0.2368,
                "2": 0.2934
            },
            "15": {
                "0": 0.006299999999999972,
                "1": 0.06169999999999998,
                "2": 0.0034999999999999754
            },
            "16": {
                "0": 0.011399999999999993,
                "1": 0.0028000000000000247,
                "2": 0.05230000000000001
            },
            "17": {
                "0": 0.2639,
                "1": 0.2947,
                "2": 0.2631
            },
            "18": {
                "0": 0.004499999999999976,
                "1": 0.005900000000000016,
                "2": 0.017900000000000027
            },
            "19": {
                "0": 0.059000000000000025,
                "1": 0.014100000000000001,
                "2": 0.014800000000000008
            }
        },
        "kyoto": {
            "0": {
                "0": 0.5676,
                "1": 0.5755,
                "2": 0.5753
            },
            "1": {
                "0": 0.9786,
                "1": 0.9681,
                "2": 0.9688
            },
            "2": {
                "0": 0.43770000000000003,
                "1": 0.4088,
                "2": 0.4033
            },
            "3": {
                "0": 0.9834,
                "1": 0.9646,
                "2": 0.9774
            },
            "4": {
                "0": 0.3454,
                "1": 0.3402,
                "2": 0.3289
            },
            "5": {
                "0": 0.4994,
                "1": 0.4894,
                "2": 0.49770000000000003
            },
            "6": {
                "0": 0.012399999999999994,
                "1": 0.004600000000000021,
                "2": 0.006199999999999983
            },
            "7": {
                "0": 0.9489,
                "1": 0.9472,
                "2": 0.9376
            },
            "8": {
                "0": 0.2526,
                "1": 0.23329999999999998,
                "2": 0.2764
            },
            "9": {
                "0": 0.9454,
                "1": 0.9466,
                "2": 0.9455
            },
            "10": {
                "0": 0.9964,
                "1": 0.9945,
                "2": 0.995
            },
            "11": {
                "0": 0.9984,
                "1": 0.9986,
                "2": 0.9935
            },
            "12": {
                "0": 0.9981,
                "1": 0.9978,
                "2": 0.9986
            },
            "13": {
                "0": 0.8976999999999999,
                "1": 0.8722,
                "2": 0.9539
            },
            "14": {
                "0": 0.32219999999999993,
                "1": 0.2853,
                "2": 0.2963
            },
            "15": {
                "0": 0.006299999999999972,
                "1": 0.039100000000000024,
                "2": 0.0040999999999999925
            },
            "16": {
                "0": 0.0034999999999999754,
                "1": 0.010499999999999982,
                "2": 0.04920000000000002
            },
            "17": {
                "0": 0.30890000000000006,
                "1": 0.30820000000000003,
                "2": 0.3294
            },
            "18": {
                "0": 0.051699999999999996,
                "1": 0.017499999999999988,
                "2": 0.0242
            },
            "19": {
                "0": 0.019700000000000023,
                "1": 0.006499999999999978,
                "2": 0.023399999999999976
            }
        },
        "nazca": {
            "0": {
                "0": 0.5777,
                "1": 0.5995,
                "2": 0.5739
            },
            "1": {
                "0": 0.9722999999999999,
                "1": 0.966,
                "2": 0.9638
            },
            "2": {
                "0": 0.40340000000000004,
                "1": 0.4138,
                "2": 0.4091
            },
            "3": {
                "0": 0.9936,
                "1": 0.9679,
                "2": 0.9818
            },
            "4": {
                "0": 0.46349999999999997,
                "1": 0.4704,
                "2": 0.3463
            },
            "5": {
                "0": 0.3815,
                "1": 0.9205,
                "2": 0.4592
            },
            "6": {
                "0": 0.009199999999999986,
                "1": 0.47409999999999997,
                "2": 0.01100000000000001
            },
            "7": {
                "0": 0.9599,
                "1": 0.943,
                "2": 0.9862
            },
            "8": {
                "0": 0.2952,
                "1": 0.2799,
                "2": 0.2021
            },
            "9": {
                "0": 0.9485,
                "1": 0.9428,
                "2": 0.9487
            },
            "10": {
                "0": 0.9973,
                "1": 0.9919,
                "2": 0.9931
            },
            "11": {
                "0": 0.998,
                "1": 0.9974,
                "2": 0.9958
            },
            "12": {
                "0": 0.9982000000000001,
                "1": 0.9986,
                "2": 0.9976
            },
            "13": {
                "0": 0.7879,
                "1": 0.9931,
                "2": 0.9438
            },
            "14": {
                "0": 0.34509999999999996,
                "1": 0.27649999999999997,
                "2": 0.28979999999999995
            },
            "15": {
                "0": 0.017100000000000004,
                "1": 0.020800000000000013,
                "2": 0.005499999999999977
            },
            "16": {
                "0": 0.012399999999999994,
                "1": 0.007000000000000006,