{
    "A": {
        "cusco": {
            "0": {
                "0": 9.421586540998359,
                "1": 9.211644733858268,
                "2": 9.256537060770755
            },
            "1": {
                "0": 16.786498506164886,
                "1": 16.653137553238082,
                "2": 16.67883868096907
            },
            "2": {
                "0": 0.8528144536873407,
                "1": 0.9619678088486763,
                "2": 0.7780432217147578
            },
            "3": {
                "0": 19.27144682209527,
                "1": 19.231395408706575,
                "2": 18.852220552177478
            },
            "4": {
                "0": 0.6657329580327397,
                "1": 0.8791297780813132,
                "2": 0.6468881366773991
            },
            "5": {
                "0": 9.495807900356521,
                "1": 10.030865792399924,
                "2": 10.178173169949046
            },
            "6": {
                "0": 0.006899708602054598,
                "1": 0.00044407225999858364,
                "2": 3.528850746877324e-05
            },
            "7": {
                "0": 19.188167589377734,
                "1": 19.223416005339686,
                "2": 19.070383682591633
            },
            "8": {
                "0": 0.22763585330797573,
                "1": 0.3052698011538969,
                "2": 0.14708591960927725
            },
            "9": {
                "0": 13.123478921489257,
                "1": 13.05820015443013,
                "2": 13.099655227305755
            },
            "10": {
                "0": 17.39682940685744,
                "1": 17.412985885381932,
                "2": 17.437605783934472
            },
            "11": {
                "0": 17.169230910460715,
                "1": 17.35845457587816,
                "2": 16.975501470184298
            },
            "12": {
                "0": 14.473396508931184,
                "1": 14.597997929366878,
                "2": 14.516356981313665
            },
            "13": {
                "0": 18.9133256911386,
                "1": 18.48166574056604,
                "2": 19.00850192745065
            },
            "14": {
                "0": 0.1733474227975875,
                "1": 0.1391350605207177,
                "2": 0.20808583944068382
            },
            "15": {
                "0": 7.938210051231659e-05,
                "1": 0.007633221881259616,
                "2": 2.4500200082299035e-05
            },
            "16": {
                "0": 0.00025994252410071507,
                "1": 1.5680081952025582e-05,
                "2": 0.005480599663568633
            },
            "17": {
                "0": 0.17788178107946603,
                "1": 0.2183958403998024,
                "2": 0.17688023794749114
            },
            "18": {
                "0": 4.050054675961475e-05,
                "1": 6.962161572425605e-05,
                "2": 0.0006409569535182173
            },
            "19": {
                "0": 0.006978247142165661,
                "1": 0.0003976727172462814,
                "2": 0.00043814399370478013
            }
        },
        "kyoto": {
            "0": {
                "0": 9.177632401732438,
                "1": 9.345103879971768,
                "2": 9.314515007243601
            },
            "1": {
                "0": 17.106104508024202,
                "1": 16.731050355043028,
                "2": 16.77435003679061
            },
            "2": {
                "0": 1.0791605883757596,
                "1": 0.9845033536376484,
                "2": 0.9319747379909639
            },
            "3": {
                "0": 19.345049056107474,
                "1": 18.7488443182227,
                "2": 19.07236079954701
            },
            "4": {
                "0": 0.7505159031459676,
                "1": 0.7365885685939513,
                "2": 0.6987424119337149
            },
            "5": {
                "0": 10.114398061422785,
                "1": 9.900947985632849,
                "2": 10.077245581347395
            },
            "6": {
                "0": 0.0003075608595932873,
                "1": 4.2329893503067345e-05,
                "2": 7.689587278471993e-05
            },
            "7": {
                "0": 19.0908089773141,
                "1": 19.051745132532808,
                "2": 18.819179472794165
            },
            "8": {
                "0": 0.15187015645778035,
                "1": 0.14755151978712042,
                "2": 0.20615061286723096
            },
            "9": {
                "0": 13.108737913033016,
                "1": 13.118953752526213,
                "2": 13.103824973264793
            },
            "10": {
                "0": 17.418440727541924,
                "1": 17.37772813746863,
                "2": 17.382103678204846
            },
            "11": {
                "0": 16.890957236194247,
                "1": 16.90320843090137,
                "2": 17.393757792732398
            },
            "12": {
                "0": 14.53165890766478,
                "1": 14.462926492177514,
                "2": 14.538640912250953
            },
            "13": {
                "0": 18.354367368320826,
                "1": 17.772367389160944,
                "2": 19.23043400479666
            },
            "14": {
                "0": 0.24809569622978755,
                "1": 0.1974314537160979,
                "2": 0.2119641807978002
            },
            "15": {
                "0": 7.938210051231659e-05,
                "1": 0.003060743994026109,
                "2": 3.3620376771542615e-05
            },
            "16": {
                "0": 2.4500200082299035e-05,
                "1": 0.0002205162095653794,
                "2": 0.004849123079581075
            },
            "17": {
                "0": 0.23835417013091145,
                "1": 0.23735140787750364,
                "2": 0.2685904323032184
            },
            "18": {
                "0": 0.0053553467599712495,
                "1": 0.0006126251132764632,
                "2": 0.0011717377277502203
            },
            "19": {
                "0": 0.000776380943109712,
                "1": 8.450238022733852e-05,
                "2": 0.0010955201130273956
            }
        },
        "nazca": {
            "0": {
                "0": 9.207214489786198,
                "1": 9.333475517057934,
                "2": 9.248244346158163
            },
            "1": {
                "0": 16.784440482759187,
                "1": 16.783569961490173,
                "2": 16.61661987933066
            },
            "2": {
                "0": 0.9342870853249178,
                "1": 0.8910836169440126,
                "2": 0.8911562972198712
            },
            "3": {
                "0": 19.88307457859805,
                "1": 18.825781912849514,
                "2": 19.22444679279814
            },
            "4": {
                "0": 1.2677013558080965,
                "1": 1.1180198940158692,
                "2": 0.7593329439813317
            },
            "5": {
                "0": 7.607481964182941,
                "1": 19.650149533439823,
                "2": 9.247636262521182
            },
            "6": {
                "0": 0.00016930783799392647,
                "1": 0.5585262179821007,
                "2": 0.00024216441003414163
            },
            "7": {
                "0": 19.362989814999775,
                "1": 18.944251974934257,
                "2": 20.364621485865314
            },
            "8": {
                "0": 0.2286364782045386,