{
    "A": {
        "kyiv": {
            "0": {
                "0": 0.5715,
                "1": 0.5694,
                "2": 0.5652
            },
            "1": {
                "0": 0.9677,
                "1": 0.968,
                "2": 0.9685
            },
            "2": {
                "0": 0.3962,
                "1": 0.4042,
                "2": 0.4088
            },
            "3": {
                "0": 0.9606,
                "1": 0.9768,
                "2": 0.9696
            },
            "4": {
                "0": 0.3523,
                "1": 0.354,
                "2": 0.3494
            },
            "5": {
                "0": 0.5114000000000001,
                "1": 0.5003,
                "2": 0.4897
            },
            "6": {
                "0": 0.014700000000000019,
                "1": 0.005499999999999977,
                "2": 0.0042999999999999705
            },
            "7": {
                "0": 0.9479,
                "1": 0.9511000000000001,
                "2": 0.9462
            },
            "8": {
                "0": 0.2832,
                "1": 0.3486,
                "2": 0.3263
            },
            "9": {
                "0": 0.9435,
                "1": 0.9441,
                "2": 0.9380000000000001
            },
            "10": {
                "0": 0.9955,
                "1": 0.997,
                "2": 0.9958
            },
            "11": {
                "0": 0.9973,
                "1": 0.994,
                "2": 0.9982
            },
            "12": {
                "0": 0.9974000000000001,
                "1": 0.998,
                "2": 0.9983000000000001
            },
            "13": {
                "0": 0.9351,
                "1": 0.9456,
                "2": 0.9299
            },
            "14": {
                "0": 0.2833,
                "1": 0.30079999999999996,
                "2": 0.276
            },
            "15": {
                "0": 0.0030999999999999917,
                "1": 0.014700000000000019,
                "2": 0.004499999999999976
            },
            "16": {
                "0": 0.003700000000000009,
                "1": 0.0024999999999999745,
                "2": 0.015199999999999991
            },
            "17": {
                "0": 0.3042,
                "1": 0.3083,
                "2": 0.2987
            },
            "18": {
                "0": 0.01849999999999999,
                "1": 0.009199999999999986,
                "2": 0.004399999999999987
            },
            "19": {
                "0": 0.0067000000000000115,
                "1": 0.018599999999999978,
                "2": 0.009000000000000008
            }
        },
        "kyoto": {
            "0": {
                "0": 0.5761000000000001,
                "1": 0.5680000000000001,
                "2": 0.5703
            },
            "1": {
                "0": 0.9725,
                "1": 0.9696,
                "2": 0.9714
            },
            "2": {
                "0": 0.4309,
                "1": 0.4066,
                "2": 0.4039
            },
            "3": {
                "0": 0.9703,
                "1": 0.9658,
                "2": 0.972
            },
            "4": {
                "0": 0.3437,
                "1": 0.3603,
                "2": 0.5569
            },
            "5": {
                "0": 0.5008,
                "1": 0.46340000000000003,
                "2": 0.49770000000000003
            },
            "6": {
                "0": 0.007800000000000029,
                "1": 0.0007000000000000062,
                "2": 0.005299999999999971
            },
            "7": {
                "0": 0.9698,
                "1": 0.9390000000000001,
                "2": 0.9476
            },
            "8": {
                "0": 0.31220000000000003,
                "1": 0.2471,
                "2": 0.26089999999999997
            },
            "9": {
                "0": 0.9479000000000001,
                "1": 0.9582,
                "2": 0.9422
            },
            "10": {
                "0": 0.9968,
                "1": 0.9956,
                "2": 0.9963
            },
            "11": {
                "0": 0.9945,
                "1": 0.9987,
                "2": 0.9975
            },
            "12": {
                "0": 0.9981000000000001,
                "1": 0.9985,
                "2": 0.9978
            },
            "13": {
                "0": 0.9408,
                "1": 0.9253,
                "2": 0.8885
            },
            "14": {
                "0": 0.25839999999999996,
                "1": 0.3879,
                "2": 0.2859
            },
            "15": {
                "0": 0.006199999999999983,
                "1": 0.0002999999999999947,
                "2": 0.0199
            },
            "16": {
                "0": 0.0050000000000000044,
                "1": 0.014100000000000001,
                "2": 0.009700000000000014
            },
            "17": {
                "0": 0.30900000000000005,
                "1": 0.31690000000000007,
                "2": 0.3054
            },
            "18": {
                "0": 0.014499999999999985,
                "1": 0.0605,
                "2": 0.016100000000000003
            },
            "19": {
                "0": 0.0013999999999999846,
                "1": 0.023900000000000005,
                "2": 0.012199999999999989
            }
        },
        "nazca": {
            "0": {
                "0": 0.5678,
                "1": 0.5677,
                "2": 0.5852
            },
            "1": {
                "0": 0.9676,
                "1": 0.9691,
                "2": 0.9651
            },
            "2": {
                "0": 0.5077,
                "1": 0.3995,
                "2": 0.6213000000000001
            },
            "3": {
                "0": 0.9704,
                "1": 0.9646,
                "2": 0.996
            },
            "4": {
                "0": 0.6216,
                "1": 0.3654,
                "2": 0.3522
            },
            "5": {
                "0": 0.4712,
                "1": 0.5091,
                "2": 0.4904
            },
            "6": {
                "0": 0.005700000000000011,
                "1": 0.015000000000000013,
                "2": 0.01739999999999997
            },
            "7": {
                "0": 0.9577,
                "1": 0.9339,
                "2": 0.9325
            },
            "8": {
                "0": 0.2648,
                "1": 0.2733,
                "2": 0.3108
            },
            "9": {
                "0": 0.9524,
                "1": 0.9138000000000001,
                "2": 0.9402
            },
            "10": {
                "0": 0.9979,
                "1": 0.9951,
                "2": 0.997
            },
            "11": {
                "0": 0.9983,
                "1": 0.9972,
                "2": 0.9971
            },
            "12": {
                "0": 0.9975,
                "1": 0.9987,
                "2": 0.9987
            },
            "13": {
                "0": 0.9206,
                "1": 0.8814,
                "2": 0.8918
            },
            "14": {
                "0": 0.2963,
                "1": 0.29869999999999997,
                "2": 0.29579999999999995
            },
            "15": {
                "0": 0.0696,
                "1": 0.04949999999999999,
                "2": 0.0021999999999999797
            },
            "16": {
                "0": 0.028599999999999987,
                "1": 0.018599999999999978,