{
    "A": {
        "kyiv": {
            "0": {
                "0": 9.284251320728568,
                "1": 9.336236631396941,
                "2": 9.192403300804001
            },
            "1": {
                "0": 16.807405918539907,
                "1": 16.790929417363046,
                "2": 16.783537683715522
            },
            "2": {
                "0": 0.8872018961059859,
                "1": 0.9686998636383711,
                "2": 0.9282729473729764
            },
            "3": {
                "0": 18.662092460455675,
                "1": 19.043857420163487,
                "2": 18.864174375334915
            },
            "4": {
                "0": 0.7729899330560492,
                "1": 0.7808486217877637,
                "2": 0.7647417310791287
            },
            "5": {
                "0": 10.37414182278664,
                "1": 10.133290826617033,
                "2": 9.904085639144922
            },
            "6": {
                "0": 0.00043223125841668035,
                "1": 6.052934989021763e-05,
                "2": 3.698884859806243e-05
            },
            "7": {
                "0": 19.066510138760485,
                "1": 19.151002195584297,
                "2": 19.018753957406812
            },
            "8": {
                "0": 0.20558719113374907,
                "1": 0.31868654485596903,
                "2": 0.2752599607436804
            },
            "9": {
                "0": 13.066322170698026,
                "1": 13.08040748021315,
                "2": 12.98548888388534
            },
            "10": {
                "0": 17.39858817581668,
                "1": 17.431607136391584,
                "2": 17.39722448516409
            },
            "11": {
                "0": 16.767536679752986,
                "1": 17.27716020828785,
                "2": 16.80670290672049
            },
            "12": {
                "0": 14.480013759287178,
                "1": 14.541348623581401,
                "2": 14.6029038520806
            },
            "13": {
                "0": 18.763591958296082,
                "1": 19.024583461585493,
                "2": 18.644285564599187
            },
            "14": {
                "0": 0.19484114207416514,
                "1": 0.21804892577345236,
                "2": 0.18552230015065677
            },
            "15": {
                "0": 1.9220123134238397e-05,
                "1": 0.00043224228130032787,
                "2": 4.050054675961475e-05
            },
            "16": {
                "0": 2.738024988824207e-05,
                "1": 1.2500052081242888e-05,
                "2": 0.000462151198872671
            },
            "17": {
                "0": 0.23165893856216643,
                "1": 0.23749453962285655,
                "2": 0.22393629577913648
            },
            "18": {
                "0": 0.0006846562655332157,
                "1": 0.0001692895531660646,
                "2": 3.8720499753869264e-05
            },
            "19": {
                "0": 8.978268699117234e-05,
                "1": 0.0006920796726915326,
                "2": 0.00016200874910153248
            }
        },
        "kyoto": {
            "0": {
                "0": 9.443612086760472,
                "1": 9.30008773744808,
                "2": 9.324782018248088
            },
            "1": {
                "0": 16.842143284283917,
                "1": 16.719047028780064,
                "2": 16.76717235994434
            },
            "2": {
                "0": 1.0729517650765505,
                "1": 1.003149310884825,
                "2": 0.9367206377188341
            },
            "3": {
                "0": 18.88670063093486,
                "1": 18.777288083199746,
                "2": 18.964663754022272
            },
            "4": {
                "0": 0.7474162412658143,
                "1": 0.7984707808260507,
                "2": 1.5432109803618814
            },
            "5": {
                "0": 10.145724539420543,
                "1": 9.347940770512334,
                "2": 10.078080233878536
            },
            "6": {
                "0": 0.00012174831447953494,
                "1": 9.803417014175213e-07,
                "2": 5.619243864825839e-05
            },
            "7": {
                "0": 19.700420778078822,
                "1": 18.858855515731985,
                "2": 19.075926603566536
            },
            "8": {
                "0": 0.24927221915876457,
                "1": 0.17791776443749055,
                "2": 0.19339986963070416
            },
            "9": {
                "0": 13.139017741752456,
                "1": 13.315444934103859,
                "2": 13.057611687212756
            },
            "10": {
                "0": 17.4561586138612,
                "1": 17.401511482950607,
                "2": 17.41594210883525
            },
            "11": {
                "0": 16.859178428689663,
                "1": 16.966603219303842,
                "2": 16.81410057051712
            },
            "12": {
                "0": 14.532359120973606,
                "1": 14.50943429906238,
                "2": 14.508411806700876
            },
            "13": {
                "0": 18.89156638837579,
                "1": 18.722126860546492,
                "2": 17.963016389156582
            },
            "14": {
                "0": 0.16393221264975508,
                "1": 0.3519216976004746,
                "2": 0.19821166724719932
            },
            "15": {
                "0": 7.688197028394e-05,
                "1": 1.8000001076397439e-07,
                "2": 0.0007922292310023407
            },
            "16": {
                "0": 5.000083335666896e-05,
                "1": 0.0003976727172462814,
                "2": 0.0001881918056439117
            },
            "17": {
                "0": 0.23849758188925888,
                "1": 0.2499535332889497,
                "2": 0.23335995932343714
            },
            "18": {
                "0": 0.00042055895983552326,
                "1": 0.007338468680968949,
                "2": 0.0005185096235037663
            },
            "19": {
                "0": 3.920005121309982e-06,
                "1": 0.0011428554390106316,
                "2": 0.00029770954477101666
            }
        },
        "nazca": {
            "0": {
                "0": 9.237715571751389,
                "1": 9.293138369491679,
                "2": 9.528990684157975
            },
            "1": {
                "0": 16.746397589003298,
                "1": 16.78499596997844,
                "2": 16.755492607110796
            },
            "2": {
                "0": 0.957108722204916,
                "1": 0.9709951421578245,
                "2": 1.4130497316687318
            },
            "3": {
                "0": 18.883286436608426,
                "1": 19.225845309464425,
                "2": 19.93142684466455
            },
            "4": {
                "0": 1.9287208849088333,
                "1": 0.816076557823297,
                "2": 0.7753287608345285
            },
            "5": {
                "0": 9.510950024838905,
                "1": 10.323862266812716,
                "2": 9.920242587924012
            },
            "6": {
                "0": 6.49939467409098e-05,
                "1": 0.0004500527687725589,
                "2": 0.0006055871291032675
            },
            "7": {
                "0": 19.339582122325996,
                "1": 18.735441036307115,
                "2": 18.726653496335082
            },
            "8": {
                "0": 0.16853743627307952,