{
    "A": {
        "cusco": {
            "0": {
                "0": 9.346029961298695,
                "1": 9.285282226612992,
                "2": 9.197684601158647
            },
            "1": {
                "0": 16.691799482835073,
                "1": 16.556912815198938,
                "2": 16.580068782748583
            },
            "2": {
                "0": 0.8728287681500161,
                "1": 0.8142763372335714,
                "2": 0.9497348306043749
            },
            "3": {
                "0": 19.32555954841854,
                "1": 19.2243965297879,
                "2": 18.35586518023095
            },
            "4": {
                "0": 0.6882444123304706,
                "1": 0.7604529425878117,
                "2": 0.8261148004219843
            },
            "5": {
                "0": 10.481489103825753,
                "1": 10.513828946144638,
                "2": 10.167294644238805
            },
            "6": {
                "0": 0.0022892644807361584,
                "1": 0.00023765468571216447,
                "2": 0.001501770614158019
            },
            "7": {
                "0": 19.626779433658523,
                "1": 19.083599961666994,
                "2": 18.714335211510896
            },
            "8": {
                "0": 0.0892654719863783,
                "1": 0.29300283914405845,
                "2": 0.25732155188126254
            },
            "9": {
                "0": 13.04205844815884,
                "1": 13.092258874152732,
                "2": 13.086630027144157
            },
            "10": {
                "0": 17.458425093256647,
                "1": 17.423287560891502,
                "2": 17.46725602847655
            },
            "11": {
                "0": 16.799116450724714,
                "1": 17.199896538757372,
                "2": 17.130356484382958
            },
            "12": {
                "0": 14.573206813511609,
                "1": 14.587286712043658,
                "2": 14.487399167286018
            },
            "13": {
                "0": 18.669129240476455,
                "1": 18.939268690675974,
                "2": 19.536470211322175
            },
            "14": {
                "0": 0.09208615310540824,
                "1": 0.20569551671916458,
                "2": 0.18175446057222225
            },
            "15": {
                "0": 5.202090205399211e-05,
                "1": 0.0010218681187328313,
                "2": 4.802076866005853e-05
            },
            "16": {
                "0": 0.0002080944347901334,
                "1": 0.001985814834911427,
                "2": 0.0013630394045074413
            },
            "17": {
                "0": 0.2426739244745187,
                "1": 0.24151846956151715,
                "2": 0.24702968549967544
            },
            "18": {
                "0": 0.0007606929039848491,
                "1": 0.00010952399853846398,
                "2": 9.800003199930902e-07
            },
            "19": {
                "0": 1.152004423490404e-05,
                "1": 3.200034133567231e-05,
                "2": 0.00010658378673364301
            }
        },
        "kyoto": {
            "0": {
                "0": 9.267293555815085,
                "1": 9.368647070302487,
                "2": 9.263294397019074
            },
            "1": {
                "0": 16.87632384700003,
                "1": 16.54379363743269,
                "2": 16.86405921726415
            },
            "2": {
                "0": 1.0178931019140447,
                "1": 0.8871557416609174,
                "2": 0.9130572854884363
            },
            "3": {
                "0": 18.823422243813344,
                "1": 18.746561368038495,
                "2": 19.026924871361466
            },
            "4": {
                "0": 0.7425807549464145,
                "1": 0.6252740112815982,
                "2": 0.7761535657823767
            },
            "5": {
                "0": 10.251445826302474,
                "1": 8.146616374949955,
                "2": 10.14015442978201
            },
            "6": {
                "0": 8.979783263604948e-05,
                "1": 0.0007528038496207208,
                "2": 0.00016564743600996044
            },
            "7": {
                "0": 20.789873583879174,
                "1": 19.156699198328027,
                "2": 18.94522840845004
            },
            "8": {
                "0": 0.41346572844591,
                "1": 0.1490301890024648,
                "2": 0.08510345580371241
            },
            "9": {
                "0": 13.158927815913536,
                "1": 13.007146571659531,
                "2": 13.092362958774093
            },
            "10": {
                "0": 17.411722469251085,
                "1": 17.427071026199823,
                "2": 17.374914489567736
            },
            "11": {
                "0": 16.81831591109447,
                "1": 16.7582798600317,
                "2": 16.83167222692898
            },
            "12": {
                "0": 14.593413741737413,
                "1": 14.514697031602566,
                "2": 14.51575588033209
            },
            "13": {
                "0": 19.603146474677946,
                "1": 19.25324754107867,
                "2": 19.401007951450055
            },
            "14": {
                "0": 0.20476944719422246,
                "1": 0.1903465990081386,
                "2": 0.23144070490440133
            },
            "15": {
                "0": 0.0005445988697150433,
                "1": 0.0003277158007144818,
                "2": 4.500006749068482e-06
            },
            "16": {
                "0": 0.00014792729427587012,
                "1": 0.00868444914554184,
                "2": 6.962161572425605e-05
            },
            "17": {
                "0": 0.1390537120763424,
                "1": 0.24368704789758344,
                "2": 0.23293416413278478
            },
            "18": {
                "0": 0.0003864697887879659,
                "1": 0.0006056422772784363,
                "2": 0.00019603280991655793
            },
            "19": {
                "0": 2.0480139808272402e-05,
                "1": 0.0018131160614486795,
                "2": 0.0013318713986281462
            }
        },
        "nazca": {
            "0": {
                "0": 9.22925904345479,
                "1": 9.52544733354972,
                "2": 10.03217782624805
            },
            "1": {
                "0": 16.785030365911847,
                "1": 16.745384994001707,
                "2": 16.749675565429573
            },
            "2": {
                "0": 0.9084114058598585,
                "1": 0.9783795924183153,
                "2": 0.9350787371225048
            },
            "3": {
                "0": 18.876224826754687,
                "1": 19.179213726558228,
                "2": 19.216863100547304
            },
            "4": {
                "0": 0.7790590705969394,
                "1": 0.8115564048256891,
                "2": 0.7220056257093574
            },
            "5": {
                "0": 10.315397049361895,
                "1": 20.709061272065888,
                "2": 10.55697732405962
            },
            "6": {
                "0": 0.002330131502650018,
                "1": 0.0012501766030006897,
                "2": 0.0004993370559091218
            },
            "7": {
                "0": 18.89709840766991,
                "1": 18.736049236854637,
                "2": 19.562429388000766
            },
            "8": {
                "0": 0.47744423374473277,