{
    "A": {
        "cusco": {
            "0": {
                "0": 0.5921,
                "1": 0.5688,
                "2": 0.5843
            },
            "1": {
                "0": 0.9648,
                "1": 0.9642999999999999,
                "2": 0.9567
            },
            "2": {
                "0": 0.3942,
                "1": 0.4177,
                "2": 0.4003
            },
            "3": {
                "0": 0.9849,
                "1": 0.9797,
                "2": 0.9446
            },
            "4": {
                "0": 0.3195,
                "1": 0.3486,
                "2": 0.3671
            },
            "5": {
                "0": 0.5161,
                "1": 0.5177,
                "2": 0.5017
            },
            "6": {
                "0": 0.033800000000000024,
                "1": 0.01090000000000002,
                "2": 0.02739999999999998
            },
            "7": {
                "0": 0.9689,
                "1": 0.9487,
                "2": 0.9328
            },
            "8": {
                "0": 0.18189999999999998,
                "1": 0.281,
                "2": 0.3097
            },
            "9": {
                "0": 0.9422,
                "1": 0.9451,
                "2": 0.9446
            },
            "10": {
                "0": 0.9973,
                "1": 0.989,
                "2": 0.9963
            },
            "11": {
                "0": 0.9984,
                "1": 0.9948,
                "2": 0.9992
            },
            "12": {
                "0": 0.9987,
                "1": 0.9981,
                "2": 0.9984000000000001
            },
            "13": {
                "0": 0.931,
                "1": 0.9415,
                "2": 0.966
            },
            "14": {
                "0": 0.19019999999999998,
                "1": 0.29159999999999997,
                "2": 0.273
            },
            "15": {
                "0": 0.005099999999999993,
                "1": 0.02259999999999998,
                "2": 0.0049000000000000155
            },
            "16": {
                "0": 0.010199999999999987,
                "1": 0.03149999999999997,
                "2": 0.026100000000000012
            },
            "17": {
                "0": 0.31190000000000007,
                "1": 0.31110000000000004,
                "2": 0.31490000000000007
            },
            "18": {
                "0": 0.01949999999999999,
                "1": 0.00739999999999999,
                "2": 0.0007000000000000062
            },
            "19": {
                "0": 0.0023999999999999855,
                "1": 0.0040000000000000036,
                "2": 0.007299999999999973
            }
        },
        "kyoto": {
            "0": {
                "0": 0.5718,
                "1": 0.5703,
                "2": 0.5723
            },
            "1": {
                "0": 0.9717,
                "1": 0.9592999999999999,
                "2": 0.9685
            },
            "2": {
                "0": 0.3951,
                "1": 0.3925,
                "2": 0.4042
            },
            "3": {
                "0": 0.9673,
                "1": 0.9598,
                "2": 0.976
            },
            "4": {
                "0": 0.3428,
                "1": 0.29910000000000003,
                "2": 0.3522
            },
            "5": {
                "0": 0.5042,
                "1": 0.4077,
                "2": 0.4999
            },
            "6": {
                "0": 0.0067000000000000115,
                "1": 0.019399999999999973,
                "2": 0.009099999999999997
            },
            "7": {
                "0": 0.9979,
                "1": 0.9512,
                "2": 0.9431
            },
            "8": {
                "0": 0.3864,
                "1": 0.25249999999999995,
                "2": 0.1633
            },
            "9": {
                "0": 0.9491,
                "1": 0.9387,
                "2": 0.9451
            },
            "10": {
                "0": 0.9963,
                "1": 0.9966,
                "2": 0.9946
            },
            "11": {
                "0": 0.9973,
                "1": 0.9975,
                "2": 0.9987
            },
            "12": {
                "0": 0.9982,
                "1": 0.9979,
                "2": 0.9983000000000001
            },
            "13": {
                "0": 0.9676,
                "1": 0.9556,
                "2": 0.9614
            },
            "14": {
                "0": 0.29089999999999994,
                "1": 0.2798,
                "2": 0.3105
            },
            "15": {
                "0": 0.016499999999999987,
                "1": 0.012800000000000006,
                "2": 0.0014999999999999736
            },
            "16": {
                "0": 0.008600000000000024,
                "1": 0.0658,
                "2": 0.005900000000000016
            },
            "17": {
                "0": 0.23120000000000002,
                "1": 0.3126,
                "2": 0.30510000000000004
            },
            "18": {
                "0": 0.013900000000000023,
                "1": 0.0174,
                "2": 0.00990000000000002
            },
            "19": {
                "0": 0.0031999999999999806,
                "1": 0.030100000000000016,
                "2": 0.025800000000000017
            }
        },
        "nazca": {
            "0": {
                "0": 0.5717,
                "1": 0.5893,
                "2": 0.6252
            },
            "1": {
                "0": 0.968,
                "1": 0.9681,
                "2": 0.968
            },
            "2": {
                "0": 0.3992,
                "1": 0.40750000000000003,
                "2": 0.41290000000000004
            },
            "3": {
                "0": 0.9702,
                "1": 0.98,
                "2": 0.983
            },
            "4": {
                "0": 0.3542,
                "1": 0.3636,
                "2": 0.336
            },
            "5": {
                "0": 0.5086,
                "1": 0.9641000000000001,
                "2": 0.5341
            },
            "6": {
                "0": 0.03410000000000002,
                "1": 0.025000000000000022,
                "2": 0.01580000000000001
            },
            "7": {
                "0": 0.9410000000000001,
                "1": 0.9339999999999999,
                "2": 0.9658
            },
            "8": {
                "0": 0.4195,
                "1": 0.2744,
                "2": 0.262
            },
            "9": {
                "0": 0.9510000000000001,
                "1": 0.9509000000000001,
                "2": 0.9461
            },
            "10": {
                "0": 0.9968,
                "1": 0.9936,
                "2": 0.9963
            },
            "11": {
                "0": 0.9997,
                "1": 0.9986,
                "2": 0.9942
            },
            "12": {
                "0": 0.9985,
                "1": 0.9978,
                "2": 0.9985
            },
            "13": {
                "0": 0.8606,
                "1": 0.951,
                "2": 0.9416
            },
            "14": {
                "0": 0.2833,
                "1": 0.34229999999999994,
                "2": 0.28669999999999995
            },
            "15": {
                "0": 0.005199999999999982,
                "1": 0.027200000000000002,
                "2": 0.05459999999999998
            },
            "16": {
                "0": 0.007600000000000023,
                "1": 0.014399999999999996,