{
    "A": {
        "cusco": {
            "0": {
                "0": 9.450546945046936,
                "1": 9.423282037811278,
                "2": 9.272709776996333
            },
            "1": {
                "0": 16.7562013419507,
                "1": 16.778143790742153,
                "2": 16.786644924141914
            },
            "2": {
                "0": 0.9115632883062641,
                "1": 0.961604496404378,
                "2": 0.9483098634381567
            },
            "3": {
                "0": 18.662452542837613,
                "1": 18.951050044546868,
                "2": 18.979171934101007
            },
            "4": {
                "0": 0.7898693832938186,
                "1": 0.7776085090428766,
                "2": 0.8490894390235144
            },
            "5": {
                "0": 9.954812331957411,
                "1": 11.868567282476908,
                "2": 10.218036237011358
            },
            "6": {
                "0": 0.015323724808129671,
                "1": 6.49939467409098e-05,
                "2": 0.00014452502428048165
            },
            "7": {
                "0": 18.98869089703388,
                "1": 19.08351656979963,
                "2": 19.670035805769782
            },
            "8": {
                "0": 0.2384917680197749,
                "1": 0.12134760063468358,
                "2": 0.14395547742433945
            },
            "9": {
                "0": 13.093617307435053,
                "1": 13.136567892544974,
                "2": 13.183504329487503
            },
            "10": {
                "0": 17.423931988974736,
                "1": 17.465838464958207,
                "2": 17.414706241655427
            },
            "11": {
                "0": 16.808899934259376,
                "1": 16.984509116558215,
                "2": 17.173584216654554
            },
            "12": {
                "0": 14.542321190753027,
                "1": 14.51309957301364,
                "2": 14.506072975718075
            },
            "13": {
                "0": 18.861726816786685,
                "1": 18.657479841791854,
                "2": 18.914176613731332
            },
            "14": {
                "0": 0.23046166632006174,
                "1": 0.1772806091285328,
                "2": 0.11429884265835086
            },
            "15": {
                "0": 0.0004805769895858802,
                "1": 2.5920223948315644e-05,
                "2": 0.0017179640253690738
            },
            "16": {
                "0": 0.0018984817150195614,
                "1": 0.0002738049905820425,
                "2": 3.3620376771542615e-05
            },
            "17": {
                "0": 0.20122940105525083,
                "1": 0.30758411478514197,
                "2": 0.22254518031584833
            },
            "18": {
                "0": 1.3520060928088468e-05,
                "1": 0.003947918092855836,
                "2": 0.0002509009844198964
            },
            "19": {
                "0": 0.0006846562655332157,
                "1": 0.0015688205707824164,
                "2": 0.00016200874910153248
            }
        },
        "kyoto": {
            "0": {
                "0": 9.336392767013844,
                "1": 9.279805902253608,
                "2": 9.351322493124272
            },
            "1": {
                "0": 16.67022901255455,
                "1": 16.797491209357588,
                "2": 16.800811060719035
            },
            "2": {
                "0": 0.8995004948006496,
                "1": 0.8847133829398914,
                "2": 0.9218866217869309
            },
            "3": {
                "0": 19.26063492156419,
                "1": 18.934568337788686,
                "2": 19.10753612848027
            },
            "4": {
                "0": 0.7745438083219895,
                "1": 0.7955687204610706,
                "2": 0.7526488394537114
            },
            "5": {
                "0": 10.098670909147256,
                "1": 10.20727802661805,
                "2": 10.198978189752077
            },
            "6": {
                "0": 0.00046823432928336586,
                "1": 0.028569183321255007,
                "2": 0.00011252101300798876
            },
            "7": {
                "0": 19.670588214084358,
                "1": 18.805327363570964,
                "2": 19.12487807693994
            },
            "8": {
                "0": 0.16831974731061036,
                "1": 0.26331338069134447,
                "2": 0.3287801228115515
            },
            "9": {
                "0": 13.212767104605254,
                "1": 13.172572848070455,
                "2": 13.297683561563565
            },
            "10": {
                "0": 17.414422560183667,
                "1": 17.436400740466564,
                "2": 17.432010731617332
            },
            "11": {
                "0": 17.173816191563642,
                "1": 16.80694356498718,
                "2": 16.818761762218998
            },
            "12": {
                "0": 14.544444630231524,
                "1": 14.607673040661005,
                "2": 14.547198279050932
            },
            "13": {
                "0": 18.6000464636794,
                "1": 18.848547389230397,
                "2": 19.316234362875726
            },
            "14": {
                "0": 0.22878788424613192,
                "1": 0.23326413163170956,
                "2": 0.21169562864606276
            },
            "15": {
                "0": 2.3120178176749134e-05,
                "1": 1.2800005458780007e-06,
                "2": 0.00016200874910153248
            },
            "16": {
                "0": 1.2500052081242888e-05,
                "1": 7.220017374734303e-06,
                "2": 0.0001377863284461496
            },
            "17": {
                "0": 0.2387845254130093,
                "1": 0.22968169438203298,
                "2": 0.2310932116450876
            },
            "18": {
                "0": 0.00015138763952973755,
                "1": 8.82002592921937e-06,
                "2": 0.0002880276543145051
            },
            "19": {
                "0": 0.001546477361631965,
                "1": 0.0006481400404801455,
                "2": 0.003515341141851827
            }
        }
    },
    "C": {
        "cusco": {
            "0": {
                "0": 9.322835179553358,
                "1": 9.425980715463218,
                "2": 9.276022387808617
            },
            "1": {
                "0": 16.7861251003489,
                "1": 16.6930063552965,
                "2": 16.692840740204527
            },
            "2": {
                "0": 0.8056000788041028,
                "1": 0.8301383193891391,
                "2": 0.8469046255395386
            },
            "3": {
                "0": 18.92586889762144,
                "1": 18.940125554903585,
                "2": 18.937792290392444
            },
            "4": {
                "0": 0.7441982472288247,
                "1": 0.7477632020605691,
                "2": 0.736206288855372
            },
            "5": {
                "0": 10.331010673942082,
                "1": 10.366996420811656,
                "2": 10.400478790610567
            },
            "6": {
                "0": 0.0003591651771552972,
                "1": 0.0004867759451777781,
                "2": 0.0005645430762480363
            },
            "7": {
                "0": 18.53812405315396,
                "1": 18.458631776521436,
                "2": 18.3668778214044
            },