{
    "A": {
        "cusco": {
            "0": {
                "0": 0.5734,
                "1": 0.5575,
                "2": 0.5748
            },
            "1": {
                "0": 0.9681,
                "1": 0.9708,
                "2": 0.9699
            },
            "2": {
                "0": 0.4116,
                "1": 0.39,
                "2": 0.39890000000000003
            },
            "3": {
                "0": 0.9585,
                "1": 0.9725,
                "2": 0.9731
            },
            "4": {
                "0": 0.35690000000000005,
                "1": 0.35350000000000004,
                "2": 0.37370000000000003
            },
            "5": {
                "0": 0.4919,
                "1": 0.5795,
                "2": 0.5042
            },
            "6": {
                "0": 0.08720000000000003,
                "1": 0.005700000000000011,
                "2": 0.00849999999999998
            },
            "7": {
                "0": 0.9448,
                "1": 0.9486,
                "2": 0.9702
            },
            "8": {
                "0": 0.2739,
                "1": 0.19410000000000002,
                "2": 0.24889999999999998
            },
            "9": {
                "0": 0.9442,
                "1": 0.9471,
                "2": 0.9510000000000001
            },
            "10": {
                "0": 0.9965,
                "1": 0.9976,
                "2": 0.9964
            },
            "11": {
                "0": 0.9958,
                "1": 0.9948,
                "2": 0.9918
            },
            "12": {
                "0": 0.9968,
                "1": 0.9982000000000001,
                "2": 0.9979
            },
            "13": {
                "0": 0.9366,
                "1": 0.9294,
                "2": 0.9411
            },
            "14": {
                "0": 0.30979999999999996,
                "1": 0.2694,
                "2": 0.2133
            },
            "15": {
                "0": 0.015499999999999986,
                "1": 0.00360000000000002,
                "2": 0.029299999999999993
            },
            "16": {
                "0": 0.030800000000000022,
                "1": 0.011700000000000016,
                "2": 0.0040999999999999925
            },
            "17": {
                "0": 0.28200000000000003,
                "1": 0.35430000000000006,
                "2": 0.2977
            },
            "18": {
                "0": 0.002600000000000019,
                "1": 0.044399999999999995,
                "2": 0.011199999999999988
            },
            "19": {
                "0": 0.01849999999999999,
                "1": 0.028000000000000025,
                "2": 0.009000000000000008
            }
        },
        "kyoto": {
            "0": {
                "0": 0.577,
                "1": 0.5704,
                "2": 0.5694
            },
            "1": {
                "0": 0.9664,
                "1": 0.9575,
                "2": 0.9711
            },
            "2": {
                "0": 0.39790000000000003,
                "1": 0.39690000000000003,
                "2": 0.40040000000000003
            },
            "3": {
                "0": 0.9834,
                "1": 0.9726,
                "2": 0.9788
            },
            "4": {
                "0": 0.3526,
                "1": 0.3588,
                "2": 0.3457
            },
            "5": {
                "0": 0.49870000000000003,
                "1": 0.5037,
                "2": 0.5033
            },
            "6": {
                "0": 0.01529999999999998,
                "1": 0.11909999999999998,
                "2": 0.007499999999999979
            },
            "7": {
                "0": 0.9708,
                "1": 0.9368,
                "2": 0.9502
            },
            "8": {
                "0": 0.2647,
                "1": 0.3232,
                "2": 0.3598
            },
            "9": {
                "0": 0.9520000000000001,
                "1": 0.9492,
                "2": 0.9578
            },
            "10": {
                "0": 0.9952,
                "1": 0.9975,
                "2": 0.9953
            },
            "11": {
                "0": 0.9992,
                "1": 0.9984,
                "2": 0.9971
            },
            "12": {
                "0": 0.9985,
                "1": 0.9978,
                "2": 0.9983000000000001
            },
            "13": {
                "0": 0.9278,
                "1": 0.9389,
                "2": 0.9576
            },
            "14": {
                "0": 0.3086,
                "1": 0.31179999999999997,
                "2": 0.29610000000000003
            },
            "15": {
                "0": 0.0033999999999999864,
                "1": 0.0008000000000000229,
                "2": 0.009000000000000008
            },
            "16": {
                "0": 0.0024999999999999745,
                "1": 0.0019000000000000128,
                "2": 0.008299999999999974
            },
            "17": {
                "0": 0.30920000000000003,
                "1": 0.3028,
                "2": 0.3038
            },
            "18": {
                "0": 0.008700000000000013,
                "1": 0.0020999999999999908,
                "2": 0.01200000000000001
            },
            "19": {
                "0": 0.02780000000000002,
                "1": 0.018000000000000016,
                "2": 0.04190000000000002
            }
        }
    },
    "C": {
        "cusco": {
            "0": {
                "0": 0.5654,
                "1": 0.5688,
                "2": 0.5602
            },
            "1": {
                "0": 0.9717,
                "1": 0.9692999999999999,
                "2": 0.9676
            },
            "2": {
                "0": 0.3905,
                "1": 0.3943,
                "2": 0.3874
            },
            "3": {
                "0": 0.9697,
                "1": 0.9702,
                "2": 0.9703
            },
            "4": {
                "0": 0.342,
                "1": 0.3437,
                "2": 0.34099999999999997
            },
            "5": {
                "0": 0.5093,
                "1": 0.511,
                "2": 0.5125
            },
            "6": {
                "0": 0.013399999999999995,
                "1": 0.015599999999999975,
                "2": 0.01680000000000001
            },
            "7": {
                "0": 0.9217,
                "1": 0.9183,
                "2": 0.9143
            },
            "8": {
                "0": 0.34729999999999994,
                "1": 0.3435,
                "2": 0.3479
            },
            "9": {
                "0": 0.9361,
                "1": 0.9353,
                "2": 0.9329000000000001
            },
            "10": {
                "0": 0.9758,
                "1": 0.9763,
                "2": 0.9787
            },
            "11": {
                "0": 0.9958,
                "1": 0.9954,
                "2": 0.9965
            },
            "12": {
                "0": 0.9977,
                "1": 0.9982000000000001,
                "2": 0.9978
            },
            "13": {
                "0": 0.9248,
                "1": 0.9214,
                "2": 0.9251
            },
            "14": {
                "0": 0.2764,
                "1": 0.2713,
                "2": 0.2742
            },
            "15": {
                "0": 0.003700000000000009,
                "1": 0.0030000000000000027,
                "2": 0.0048000000000000265
            },