{
    "127": -0.26427724201405617,
    "1": -0.41049795760730423,
    "0": -0.283728092811698,
    "2": -0.26606877502321546,
    "3": -0.6107802928488799,
    "14": -0.06941326131469662,
    "18": 0.4309301122973274,
    "4": -1.2918025262700525,
    "5": -2.031732189515789,
    "15": -0.7504581830189945,
    "21": -1.1832602340454772,
    "22": -0.35765628768644686,
    "23": 0.3507780818930402,
    "6": -1.895744916327609,
    "7": -1.1327002024007493,
    "19": 0.14828188759455635,
    "20": -1.6269533518154404,
    "24": 1.034556432436231,
    "33": -2.094898771507422,
    "8": 0.7286055502385836,
    "16": 0.9046997618282817,
    "25": 1.0897883574431737,
    "26": 1.091847506180102,
    "40": 0.9976514763132847,
    "41": -0.04086688059476529,
    "42": 0.5138486020718392,
    "43": 0.20680011617431693,
    "44": -0.4680584307689001,
    "53": -1.154165685082367,
    "56": 1.000062393843193,
    "57": 1.0000623938431925,
    "58": 0.7821328409997166,
    "59": -0.8725625027239035,
    "60": -1.5645809282124687,
    "61": -0.7125715259444755,
    "62": 0.6146319138976063,
    "63": 0.24673365903170916,
    "71": 1.0000623938431925,
    "72": 1.0736403959868506,
    "81": 1.0915996893126583,
    "27": 1.0946657759802338,
    "28": 1.0875745434245083,
    "34": 0.5070401846183599,
    "39": 1.035611759326923,
    "45": -0.7694651745252007,
    "46": -0.6412403666234523,
    "54": -0.8299006574067067,
    "64": -0.5069575909054365,
    "65": -0.2174219377507762,
    "66": 0.3422232901017973,
    "73": 0.7280117778252578,
    "84": 1.0705621049583232,
    "85": 0.9404553156848294,
    "47": -2.325247218424306,
    "83": 1.0968463723495834,
    "86": 1.0658887559184176,
    "82": 1.097417737753514
}