{
    "A": {
        "kyiv": {
            "0": {
                "0": 0.5687,
                "1": 0.5619,
                "2": 0.5604
            },
            "1": {
                "0": 0.9654,
                "1": 0.971,
                "2": 0.9671
            },
            "2": {
                "0": 0.4037,
                "1": 0.3936,
                "2": 0.3963
            },
            "3": {
                "0": 0.9786,
                "1": 0.958,
                "2": 0.9631
            },
            "4": {
                "0": 0.3547,
                "1": 0.3406,
                "2": 0.355
            },
            "5": {
                "0": 0.4867,
                "1": 0.4955,
                "2": 0.4915
            },
            "6": {
                "0": 0.12349999999999997,
                "1": 0.018000000000000016,
                "2": 0.030800000000000022
            },
            "7": {
                "0": 0.9499,
                "1": 0.9581,
                "2": 0.9449
            },
            "8": {
                "0": 0.4058,
                "1": 0.23149999999999998,
                "2": 0.334
            },
            "9": {
                "0": 0.9483,
                "1": 0.9397,
                "2": 0.9485
            },
            "10": {
                "0": 0.9955,
                "1": 0.9962,
                "2": 0.9964
            },
            "11": {
                "0": 0.9978,
                "1": 0.9977,
                "2": 0.9983
            },
            "12": {
                "0": 0.9983000000000001,
                "1": 0.9973000000000001,
                "2": 0.9978
            },
            "13": {
                "0": 0.9373,
                "1": 0.9034,
                "2": 0.9398
            },
            "14": {
                "0": 0.2732,
                "1": 0.2818,
                "2": 0.28259999999999996
            },
            "15": {
                "0": 0.0041999999999999815,
                "1": 0.002700000000000008,
                "2": 0.0066000000000000225
            },
            "16": {
                "0": 0.0067000000000000115,
                "1": 0.004399999999999987,
                "2": 0.01319999999999999
            },
            "17": {
                "0": 0.3032,
                "1": 0.3028,
                "2": 0.28900000000000003
            },
            "18": {
                "0": 0.009600000000000025,
                "1": 0.0022999999999999965,
                "2": 0.02159999999999998
            },
            "19": {
                "0": 0.0023999999999999855,
                "1": 0.008800000000000002,
                "2": 0.0403
            }
        },
        "nazca": {
            "0": {
                "0": 0.5821000000000001,
                "1": 0.5756,
                "2": 0.5735
            },
            "1": {
                "0": 0.9686,
                "1": 0.9683999999999999,
                "2": 0.9657
            },
            "2": {
                "0": 0.4033,
                "1": 0.4072,
                "2": 0.4051
            },
            "3": {
                "0": 0.9802,
                "1": 0.9762,
                "2": 0.9705
            },
            "4": {
                "0": 0.4668,
                "1": 0.3504,
                "2": 0.3554
            },
            "5": {
                "0": 0.48450000000000004,
                "1": 0.5067,
                "2": 0.5001
            },
            "6": {
                "0": 0.03679999999999997,
                "1": 0.025699999999999973,
                "2": 0.020299999999999985
            },
            "7": {
                "0": 0.9335,
                "1": 0.9863,
                "2": 0.9482
            },
            "8": {
                "0": 0.18549999999999997,
                "1": 0.26399999999999996,
                "2": 0.2375
            },
            "9": {
                "0": 0.9501000000000001,
                "1": 0.9241,
                "2": 0.935
            },
            "10": {
                "0": 0.9958,
                "1": 0.9962,
                "2": 0.9945
            },
            "11": {
                "0": 0.9937,
                "1": 0.9982,
                "2": 0.9992
            },
            "12": {
                "0": 0.9974000000000001,
                "1": 0.9978,
                "2": 0.999
            },
            "13": {
                "0": 0.9305,
                "1": 0.8976,
                "2": 0.8516
            },
            "14": {
                "0": 0.28569999999999995,
                "1": 0.2791,
                "2": 0.2912
            },
            "15": {
                "0": 0.014399999999999996,
                "1": 0.008700000000000013,
                "2": 0.030000000000000027
            },
            "16": {
                "0": 0.0012999999999999956,
                "1": 0.049000000000000016,
                "2": 0.006099999999999994
            },
            "17": {
                "0": 0.2921,
                "1": 0.31210000000000004,
                "2": 0.3183
            },
            "18": {
                "0": 0.0010000000000000009,
                "1": 0.032800000000000024,
                "2": 0.004299999999999998
            },
            "19": {
                "0": 0.0030999999999999917,
                "1": 0.0021999999999999797,
                "2": 0.010600000000000026
            }
        }
    },
    "C": {
        "kyiv": {
            "0": {
                "0": 0.5598,
                "1": 0.5569,
                "2": 0.5578
            },
            "1": {
                "0": 0.9692,
                "1": 0.969,
                "2": 0.9691
            },
            "2": {
                "0": 0.4023,
                "1": 0.3927,
                "2": 0.4005
            },
            "3": {
                "0": 0.9547,
                "1": 0.9601999999999999,
                "2": 0.9591
            },
            "4": {
                "0": 0.339,
                "1": 0.3523,
                "2": 0.3293
            },
            "5": {
                "0": 0.5351,
                "1": 0.5491,
                "2": 0.5511
            },
            "6": {
                "0": 0.025499999999999995,
                "1": 0.02169999999999997,
                "2": 0.029699999999999976
            },
            "7": {
                "0": 0.9305,
                "1": 0.9347,
                "2": 0.931
            },
            "8": {
                "0": 0.3682,
                "1": 0.37120000000000003,
                "2": 0.3806
            },
            "9": {
                "0": 0.7845,
                "1": 0.7883,
                "2": 0.7905
            },
            "10": {
                "0": 0.9807,
                "1": 0.981,
                "2": 0.9813
            },
            "11": {
                "0": 0.9977,
                "1": 0.9975,
                "2": 0.9977
            },
            "12": {
                "0": 0.9979,
                "1": 0.9983000000000001,
                "2": 0.9974000000000001
            },
            "13": {
                "0": 0.9338,
                "1": 0.9339,
                "2": 0.9367
            },
            "14": {
                "0": 0.2288,
                "1": 0.23199999999999998,
                "2": 0.23109999999999997
            },
            "15": {
                "0": 0.03169999999999998,
                "1": 0.0484,
                "2": 0.044300000000000006
            },
            "16": {
                "0": 0.02200000000000002,
                "1": 0.022499999999999992,