{
    "A": {
        "kyiv": {
            "0": {
                "0": 9.30127882713675,
                "1": 9.372996298512481,
                "2": 9.325760639856084
            },
            "1": {
                "0": 16.691517290651767,
                "1": 16.824651463004958,
                "2": 16.71225687597549
            },
            "2": {
                "0": 0.9520859090305723,
                "1": 0.9284054489554073,
                "2": 0.88793874064955
            },
            "3": {
                "0": 19.167026080968327,
                "1": 18.618765150757273,
                "2": 18.722998604732155
            },
            "4": {
                "0": 0.7814628440953424,
                "1": 0.7355536857917017,
                "2": 0.7841038412876647
            },
            "5": {
                "0": 9.841367478018178,
                "1": 10.029857502532098,
                "2": 9.945011597258372
            },
            "6": {
                "0": 0.030738279987425746,
                "1": 0.0006480715792202135,
                "2": 0.0018976905391153605
            },
            "7": {
                "0": 19.120881745649477,
                "1": 19.314012982497854,
                "2": 19.000583458582717
            },
            "8": {
                "0": 0.46600759418365467,
                "1": 0.12642351276327923,
                "2": 0.31724157692217536
            },
            "9": {
                "0": 13.15499677922237,
                "1": 13.019908888374244,
                "2": 13.157346099989391
            },
            "10": {
                "0": 17.393521081214892,
                "1": 17.40970517630603,
                "2": 17.410936526953005
            },
            "11": {
                "0": 16.82968189079285,
                "1": 16.819092375208346,
                "2": 16.831001365412487
            },
            "12": {
                "0": 14.479795511438176,
                "1": 14.458049963671796,
                "2": 14.510707310385463
            },
            "13": {
                "0": 18.810317221804464,
                "1": 18.48297914241781,
                "2": 18.86993449746963
            },
            "14": {
                "0": 0.18200452918236149,
                "1": 0.19290890875076253,
                "2": 0.1939383131201751
            },
            "15": {
                "0": 3.528041489745445e-05,
                "1": 1.4580070856765482e-05,
                "2": 8.712253012371947e-05
            },
            "16": {
                "0": 8.978268699117234e-05,
                "1": 3.8720499753869264e-05,
                "2": 0.0003485204906563122
            },
            "17": {
                "0": 0.23024582127999724,
                "1": 0.22968169438203298,
                "2": 0.2106113274393616
            },
            "18": {
                "0": 0.0001843313262541984,
                "1": 1.0580037310332826e-05,
                "2": 0.0009334104543360505
            },
            "19": {
                "0": 1.152004423490404e-05,
                "1": 0.00015488799689804614,
                "2": 0.003251706061182559
            }
        },
        "nazca": {
            "0": {
                "0": 9.41404533433867,
                "1": 9.309733403560017,
                "2": 9.26211945195608
            },
            "1": {
                "0": 16.698298245761432,
                "1": 16.751645928244727,
                "2": 16.654631590263065
            },
            "2": {
                "0": 0.9777619978824948,
                "1": 0.9863303966393705,
                "2": 1.002978487960339
            },
            "3": {
                "0": 19.153193720071467,
                "1": 19.126047307235034,
                "2": 18.887431598560514
            },
            "4": {
                "0": 1.2859860425667176,
                "1": 0.769852281380924,
                "2": 0.7861217619147539
            },
            "5": {
                "0": 9.794845459339294,
                "1": 10.272838065061222,
                "2": 10.12998535524781
            },
            "6": {
                "0": 0.002709404729057105,
                "1": 0.0013211754542767039,
                "2": 0.0008242734426043528
            },
            "7": {
                "0": 18.735982403438307,
                "1": 20.36021316553255,
                "2": 19.075321558464125
            },
            "8": {
                "0": 0.09620806132221801,
                "1": 0.17760183445975125,
                "2": 0.13612424036568566
            },
            "9": {
                "0": 13.173894437335214,
                "1": 12.838894112653442,
                "2": 12.976904837452322
            },
            "10": {
                "0": 17.44467252830471,
                "1": 17.40643749023019,
                "2": 17.37581967429271
            },
            "11": {
                "0": 16.86643128243734,
                "1": 16.84796231925267,
                "2": 17.000085987079046
            },
            "12": {
                "0": 14.471026806127139,
                "1": 14.839417181898598,
                "2": 14.80347243942207
            },
            "13": {
                "0": 18.669772284715442,
                "1": 18.214029680607204,
                "2": 17.282648136943788
            },
            "14": {
                "0": 0.19795143606967494,
                "1": 0.18945357119704392,
                "2": 0.20516609411195366
            },
            "15": {
                "0": 0.0004147773498391818,
                "1": 0.00015138763952973755,
                "2": 0.0018010815578454048
            },
            "16": {
                "0": 3.380003807412161e-06,
                "1": 0.004809716081283472,
                "2": 7.442184620716757e-05
            },
            "17": {
                "0": 0.21482887848197313,
                "1": 0.24296318827045504,
                "2": 0.25200975179877594
            },
            "18": {
                "0": 2.000001332991058e-06,
                "1": 0.002153225904434307,
                "2": 3.698045584616793e-05
            },
            "19": {
                "0": 1.9220123134238397e-05,
                "1": 9.680031232438702e-06,
                "2": 0.00022473683600819291
            }
        }
    },
    "C": {
        "kyiv": {
            "0": {
                "0": 9.220014245511706,
                "1": 9.203645654172286,
                "2": 9.149531937874468
            },
            "1": {
                "0": 16.66468471216985,
                "1": 16.708299789404705,
                "2": 16.710517253470677
            },
            "2": {
                "0": 0.9268236976357251,
                "1": 0.9189671110875918,
                "2": 0.9412233421751405
            },
            "3": {
                "0": 18.53510264791096,
                "1": 18.657416531116954,
                "2": 18.635681000412234
            },
            "4": {
                "0": 0.729615881168697,
                "1": 0.7734681644294388,
                "2": 0.6992329911109095
            },
            "5": {
                "0": 10.890698248318271,
                "1": 11.196561772936555,
                "2": 11.238369327150078
            },
            "6": {
                "0": 0.0013006898554022983,
                "1": 0.0009418917007489522,
                "2": 0.001764530516204798
            },
            "7": {
                "0": 18.666073530114353,
                "1": 18.763069331837734,
                "2": 18.678118931808562
            },