{
    "A": {
        "brisbane": {
            "0": {
                "0": 9.315381943895481,
                "1": 9.344674692850251,
                "2": 9.522195391816622
            },
            "1": {
                "0": 16.951653326139695,
                "1": 16.716579425770618,
                "2": 16.733957431571955
            },
            "2": {
                "0": 0.971031428633863,
                "1": 0.9160956262833906,
                "2": 0.948111722084428
            },
            "3": {
                "0": 19.21296752513438,
                "1": 18.87313838980508,
                "2": 18.83177279907067
            },
            "4": {
                "0": 0.782205538433909,
                "1": 0.7691357487603954,
                "2": 0.7651520512966227
            },
            "5": {
                "0": 10.146091586437414,
                "1": 9.846425556825494,
                "2": 10.111800004673176
            },
            "6": {
                "0": 0.00015844663204473731,
                "1": 5.781687754747092e-06,
                "2": 0.0007297009698071892
            },
            "7": {
                "0": 19.738423083872213,
                "1": 18.530658634076623,
                "2": 18.836942928219603
            },
            "8": {
                "0": 0.1129387904070483,
                "1": 0.18972663208040802,
                "2": 0.11774936328998618
            },
            "9": {
                "0": 12.853671556469722,
                "1": 13.257069507159152,
                "2": 13.116224212851767
            },
            "10": {
                "0": 17.39822528423639,
                "1": 17.41093908325382,
                "2": 17.48476867218079
            },
            "11": {
                "0": 16.86823418617659,
                "1": 16.795817193584906,
                "2": 16.79207327943787
            },
            "12": {
                "0": 14.522699375542125,
                "1": 14.479716228901747,
                "2": 14.734377986001451
            },
            "13": {
                "0": 18.518420577689888,
                "1": 18.808444031663303,
                "2": 18.709310377547855
            },
            "14": {
                "0": 0.21696126958840942,
                "1": 0.22187590054903678,
                "2": 0.2207792759408769
            },
            "15": {
                "0": 4.608070780567734e-05,
                "1": 3.200000339582932e-07,
                "2": 2.8800027641747664e-06
            },
            "16": {
                "0": 0.002273102854453528,
                "1": 0.01564019015205026,
                "2": 2.0480139808272402e-05
            },
            "17": {
                "0": 0.2265904368700344,
                "1": 0.2363506056952982,
                "2": 0.24426685575570928
            },
            "18": {
                "0": 0.0007070466538983342,
                "1": 0.001659798513465649,
                "2": 3.0420308460168185e-05
            },
            "19": {
                "0": 0.0001881918056439117,
                "1": 0.0013422206260244145,
                "2": 0.0008082377727478586
            }
        },
        "kyiv": {
            "0": {
                "0": 9.292422395537606,
                "1": 9.243235525026579,
                "2": 9.379068859046008
            },
            "1": {
                "0": 16.736512150150226,
                "1": 16.683489253908455,
                "2": 16.732024058440146
            },
            "2": {
                "0": 0.9649702819393705,
                "1": 0.9456166571319389,
                "2": 0.958274157693404
            },
            "3": {
                "0": 18.84506393075133,
                "1": 18.822287794988426,
                "2": 18.90455673400654
            },
            "4": {
                "0": 0.7749797114320323,
                "1": 0.8013576460027971,
                "2": 0.7917501266853925
            },
            "5": {
                "0": 10.057968179403366,
                "1": 10.476587022345152,
                "2": 10.220463262736608
            },
            "6": {
                "0": 0.00014794542617467717,
                "1": 0.00035382473422291075,
                "2": 0.00022475347251458937
            },
            "7": {
                "0": 19.440662375975535,
                "1": 19.806593027192317,
                "2": 19.134136704249393
            },
            "8": {
                "0": 0.20458915977662925,
                "1": 0.2762334376072819,
                "2": 0.14465177231055332
            },
            "9": {
                "0": 13.072189049861155,
                "1": 13.121037918858026,
                "2": 13.069500566521375
            },
            "10": {
                "0": 17.404852271499188,
                "1": 17.40697057002647,
                "2": 17.42578644744749
            },
            "11": {
                "0": 16.898517269232542,
                "1": 16.8714785354523,
                "2": 17.157274649901243
            },
            "12": {
                "0": 14.618123865534498,
                "1": 14.456346468015917,
                "2": 14.50105315057418
            },
            "13": {
                "0": 18.77985408519194,
                "1": 19.09182616936768,
                "2": 18.780765986092383
            },
            "14": {
                "0": 0.18438816616465248,
                "1": 0.20056094785087003,
                "2": 0.18830827322641205
            },
            "15": {
                "0": 9.800003199930902e-07,
                "1": 8.712253012371947e-05,
                "2": 0.0003591630013416204
            },
            "16": {
                "0": 0.0011911930552347995,
                "1": 0.00034325927737311607,
                "2": 8.000000217283526e-08
            },
            "17": {
                "0": 0.24630122459611362,
                "1": 0.21977495235402075,
                "2": 0.22855536063587206
            },
            "18": {
                "0": 1.152004423490404e-05,
                "1": 2.0480139808272402e-05,
                "2": 0.0007685168927669683
            },
            "19": {
                "0": 0.0002509009844198964,
                "1": 7.938210051231659e-05,
                "2": 0.0002832467438594697
            }
        },
        "nazca": {
            "0": {
                "0": 9.276340237898422,
                "1": 9.363161108435117,
                "2": 9.163516916500178
            },
            "1": {
                "0": 16.742917684746846,
                "1": 16.725817068323618,
                "2": 17.136098589172207
            },
            "2": {
                "0": 0.8994287008102089,
                "1": 0.9407231223333762,
                "2": 0.9998419275110706
            },
            "3": {
                "0": 18.712706924766806,
                "1": 18.898989242780978,
                "2": 19.183305071987878
            },
            "4": {
                "0": 0.7368105107407563,
                "1": 0.7386498290721457,
                "2": 1.3345248836781014
            },
            "5": {
                "0": 9.784185473369755,
                "1": 10.205017604109957,
                "2": 9.632112081201248
            },
            "6": {
                "0": 0.00019211025021592665,
                "1": 5.203169799764332e-05,
                "2": 1.6824483304546476e-05
            },
            "7": {
                "0": 18.8436508039856,
                "1": 18.787496106743976,
                "2": 19.607139300605077
            },
            "8": {
                "0": 0.195266255106267,