{
    "A": {
        "brisbane": {
            "0": {
                "0": 0.5687,
                "1": 0.5748,
                "2": 0.5828
            },
            "1": {
                "0": 0.973,
                "1": 0.9637,
                "2": 0.9682999999999999
            },
            "2": {
                "0": 0.3968,
                "1": 0.4005,
                "2": 0.39890000000000003
            },
            "3": {
                "0": 0.9805,
                "1": 0.9699,
                "2": 0.9683
            },
            "4": {
                "0": 0.35509999999999997,
                "1": 0.3507,
                "2": 0.3497
            },
            "5": {
                "0": 0.4998,
                "1": 0.487,
                "2": 0.49920000000000003
            },
            "6": {
                "0": 0.008900000000000019,
                "1": 0.001700000000000007,
                "2": 0.019100000000000006
            },
            "7": {
                "0": 0.9728,
                "1": 0.9248,
                "2": 0.9383
            },
            "8": {
                "0": 0.2075,
                "1": 0.27049999999999996,
                "2": 0.21199999999999997
            },
            "9": {
                "0": 0.9285,
                "1": 0.9548,
                "2": 0.9464
            },
            "10": {
                "0": 0.9959,
                "1": 0.9952,
                "2": 0.997
            },
            "11": {
                "0": 0.9971,
                "1": 0.9981,
                "2": 0.997
            },
            "12": {
                "0": 0.9982000000000001,
                "1": 0.998,
                "2": 0.9984000000000001
            },
            "13": {
                "0": 0.9238,
                "1": 0.937,
                "2": 0.9315
            },
            "14": {
                "0": 0.29999999999999993,
                "1": 0.3036,
                "2": 0.30279999999999996
            },
            "15": {
                "0": 0.0048000000000000265,
                "1": 0.0003999999999999837,
                "2": 0.0011999999999999789
            },
            "16": {
                "0": 0.03369999999999998,
                "1": 0.08819999999999997,
                "2": 0.0031999999999999806
            },
            "17": {
                "0": 0.3006,
                "1": 0.3075,
                "2": 0.31300000000000006
            },
            "18": {
                "0": 0.01880000000000001,
                "1": 0.02880000000000002,
                "2": 0.0039000000000000146
            },
            "19": {
                "0": 0.009700000000000014,
                "1": 0.025900000000000006,
                "2": 0.020100000000000007
            }
        },
        "kyiv": {
            "0": {
                "0": 0.5660000000000001,
                "1": 0.5676,
                "2": 0.5863
            },
            "1": {
                "0": 0.9678,
                "1": 0.9674999999999999,
                "2": 0.9667
            },
            "2": {
                "0": 0.4038,
                "1": 0.38020000000000004,
                "2": 0.4182
            },
            "3": {
                "0": 0.9687,
                "1": 0.9679,
                "2": 0.9629
            },
            "4": {
                "0": 0.3531,
                "1": 0.3613,
                "2": 0.3578
            },
            "5": {
                "0": 0.4968,
                "1": 0.516,
                "2": 0.5043
            },
            "6": {
                "0": 0.008600000000000024,
                "1": 0.013299999999999979,
                "2": 0.01059999999999997
            },
            "7": {
                "0": 0.9617,
                "1": 0.9734,
                "2": 0.9509
            },
            "8": {
                "0": 0.2793,
                "1": 0.3267,
                "2": 0.24209999999999998
            },
            "9": {
                "0": 0.9437,
                "1": 0.9472,
                "2": 0.9432
            },
            "10": {
                "0": 0.9953,
                "1": 0.9962,
                "2": 0.9962
            },
            "11": {
                "0": 0.9986,
                "1": 0.9982,
                "2": 0.9976
            },
            "12": {
                "0": 0.9979,
                "1": 0.9979,
                "2": 0.9978
            },
            "13": {
                "0": 0.9359,
                "1": 0.9488,
                "2": 0.9359999999999999
            },
            "14": {
                "0": 0.2751,
                "1": 0.28769999999999996,
                "2": 0.2782
            },
            "15": {
                "0": 0.0007000000000000062,
                "1": 0.0066000000000000225,
                "2": 0.013399999999999995
            },
            "16": {
                "0": 0.024399999999999977,
                "1": 0.0131,
                "2": 0.00019999999999997797
            },
            "17": {
                "0": 0.3144,
                "1": 0.2957,
                "2": 0.30200000000000005
            },
            "18": {
                "0": 0.0023999999999999855,
                "1": 0.0031999999999999806,
                "2": 0.01959999999999998
            },
            "19": {
                "0": 0.011199999999999988,
                "1": 0.006299999999999972,
                "2": 0.011900000000000022
            }
        },
        "nazca": {
            "0": {
                "0": 0.5532,
                "1": 0.5740000000000001,
                "2": 0.5585
            },
            "1": {
                "0": 0.971,
                "1": 0.9673999999999999,
                "2": 0.9793
            },
            "2": {
                "0": 0.397,
                "1": 0.49470000000000003,
                "2": 0.4015
            },
            "3": {
                "0": 0.9559,
                "1": 0.9712,
                "2": 0.9812
            },
            "4": {
                "0": 0.34049999999999997,
                "1": 0.3411,
                "2": 0.4835
            },
            "5": {
                "0": 0.48410000000000003,
                "1": 0.5036,
                "2": 0.477
            },
            "6": {
                "0": 0.009800000000000003,
                "1": 0.005099999999999993,
                "2": 0.0029000000000000137
            },
            "7": {
                "0": 0.9386,
                "1": 0.9359,
                "2": 0.9682
            },
            "8": {
                "0": 0.2559,
                "1": 0.2019,
                "2": 0.2863
            },
            "9": {
                "0": 0.9509000000000001,
                "1": 0.9535,
                "2": 0.9537
            },
            "10": {
                "0": 0.9947,
                "1": 0.994,
                "2": 0.9952
            },
            "11": {
                "0": 0.9986,
                "1": 0.9996,
                "2": 0.9929
            },
            "12": {
                "0": 0.9985,
                "1": 0.9993000000000001,
                "2": 0.998
            },
            "13": {
                "0": 0.9439,
                "1": 0.885,
                "2": 0.9527
            },
            "14": {
                "0": 0.37929999999999997,
                "1": 0.2869999999999999,
                "2": 0.3083
            },
            "15": {
                "0": 0.01629999999999998,
                "1": 0.006299999999999972,
                "2": 0.010700000000000015
            },