{
    "0": 0.037549289452266876,
    "1": 0.04549949115626717,
    "2": 0.041025420202140506,
    "3": 0.30902919779104465,
    "4": 0.04135460512114997,
    "5": 0.4201252108963356,
    "6": 0,
    "7": 0.3954815989616236,
    "8": -0.002469019903148878,
    "9": 0.9341265544987039,
    "10": -0.12328829310089162,
    "11": 0.11460934830990865,
    "12": 0.06527334483882363,
    "13": -0.13283800685173475,
    "14": 0.0028826499627586932,
    "17": -0.007904598722156153
}