{
    "T1": {
        "correlation": 0.07544146302566127,
        "p_value": 6.68188353463378e-06
    },
    "T2": {
        "correlation": 0.18110863541596497,
        "p_value": 1.3404666749086214e-27
    },
    "frequency": {
        "correlation": -0.024957219755862667,
        "p_value": 0.13676076119070205
    },
    "readout_error": {
        "correlation": -0.18640921956486195,
        "p_value": 3.62225534417382e-29
    },
    "readout_length": {
        "correlation": 0.0564847409739352,
        "p_value": 0.0007521840855070445
    },
    "sx_error": {
        "correlation": -0.19444717341822015,
        "p_value": 1.2286940761159786e-31
    },
    "sx_length": {
        "correlation": 0.02572196835128353,
        "p_value": 0.1251349402860176
    },
    "ecr_error": {
        "correlation": -0.2822358533997728,
        "p_value": 4.103128905637377e-66
    },
    "ecr_length": {
        "correlation": 0.14124796819308105,
        "p_value": 2.618756129489572e-17
    }
}