{
    "A": {
        "brisbane": {
            "0": {
                "0": 0.5681,
                "1": 0.6034,
                "2": 0.599
            },
            "1": {
                "0": 0.9687,
                "1": 0.9692999999999999,
                "2": 0.9662999999999999
            },
            "2": {
                "0": 0.39790000000000003,
                "1": 0.403,
                "2": 0.4536
            },
            "3": {
                "0": 0.9656,
                "1": 0.9635,
                "2": 0.9829
            },
            "4": {
                "0": 0.3189,
                "1": 0.3473,
                "2": 0.3476
            },
            "5": {
                "0": 0.509,
                "1": 0.498,
                "2": 0.5042
            },
            "6": {
                "0": 0.007600000000000023,
                "1": 0.01739999999999997,
                "2": 0.011499999999999982
            },
            "7": {
                "0": 0.9443,
                "1": 0.9486,
                "2": 0.9431
            },
            "8": {
                "0": 0.2839,
                "1": 0.2182,
                "2": 0.2981
            },
            "9": {
                "0": 0.9387,
                "1": 0.9455,
                "2": 0.9429000000000001
            },
            "10": {
                "0": 0.9966,
                "1": 0.9967,
                "2": 0.9976
            },
            "11": {
                "0": 0.9968,
                "1": 0.9967,
                "2": 0.9984
            },
            "12": {
                "0": 0.998,
                "1": 0.998,
                "2": 0.9977
            },
            "13": {
                "0": 0.9460999999999999,
                "1": 0.9355,
                "2": 0.8968
            },
            "14": {
                "0": 0.2779,
                "1": 0.28859999999999997,
                "2": 0.2903
            },
            "15": {
                "0": 0.08250000000000002,
                "1": 0.007900000000000018,
                "2": 0.011399999999999993
            },
            "16": {
                "0": 0.10899999999999999,
                "1": 0.0019000000000000128,
                "2": 0.03839999999999999
            },
            "17": {
                "0": 0.3187,
                "1": 0.29890000000000005,
                "2": 0.2957
            },
            "18": {
                "0": 0.019199999999999995,
                "1": 0.0020999999999999908,
                "2": 0.012499999999999983
            },
            "19": {
                "0": 0.01629999999999998,
                "1": 0.009800000000000003,
                "2": 0.00470000000000001
            }
        }
    },
    "C": {
        "brisbane": {
            "0": {
                "0": 0.5841,
                "1": 0.5801000000000001,
                "2": 0.5685
            },
            "1": {
                "0": 0.9669,
                "1": 0.9682,
                "2": 0.9677
            },
            "2": {
                "0": 0.40540000000000004,
                "1": 0.4113,
                "2": 0.4123
            },
            "3": {
                "0": 0.9427,
                "1": 0.9414,
                "2": 0.9426
            },
            "4": {
                "0": 0.3382,
                "1": 0.34750000000000003,
                "2": 0.3366
            },
            "5": {
                "0": 0.5217,
                "1": 0.5147,
                "2": 0.5188
            },
            "6": {
                "0": 0.0021999999999999797,
                "1": 0.008700000000000013,
                "2": 0.0034999999999999754
            },
            "7": {
                "0": 0.9332,
                "1": 0.9376,
                "2": 0.9362
            },
            "8": {
                "0": 0.28209999999999996,
                "1": 0.2744,
                "2": 0.2719
            },
            "9": {
                "0": 0.8673000000000001,
                "1": 0.8724000000000001,
                "2": 0.8701
            },
            "10": {
                "0": 0.9949,
                "1": 0.9944,
                "2": 0.9947
            },
            "11": {
                "0": 0.9926,
                "1": 0.994,
                "2": 0.9926
            },
            "12": {
                "0": 0.9984000000000001,
                "1": 0.998,
                "2": 0.9981000000000001
            },
            "13": {
                "0": 0.9381,
                "1": 0.9409,
                "2": 0.9410000000000001
            },
            "14": {
                "0": 0.30169999999999997,
                "1": 0.3013,
                "2": 0.3024
            },
            "15": {
                "0": 0.01680000000000001,
                "1": 0.008199999999999985,
                "2": 0.014900000000000024
            },
            "16": {
                "0": 0.037000000000000005,
                "1": 0.03810000000000002,
                "2": 0.027499999999999997
            },
            "17": {
                "0": 0.3176,
                "1": 0.32400000000000007,
                "2": 0.31590000000000007
            },
            "18": {
                "0": 0.022299999999999986,
                "1": 0.025699999999999973,
                "2": 0.03090000000000001
            },
            "19": {
                "0": 0.0006000000000000172,
                "1": 0.010700000000000015,
                "2": 0.0048000000000000265
            }
        }
    }
}