{
    "A": {
        "brisbane": {
            "0": {
                "0": 9.440790927355293,
                "1": 9.343853654103876,
                "2": 9.434993110183187
            },
            "1": {
                "0": 16.742094688993813,
                "1": 16.72512239831723,
                "2": 16.757090806017615
            },
            "2": {
                "0": 0.9143552349949298,
                "1": 0.9223703509525522,
                "2": 1.0952263118282553
            },
            "3": {
                "0": 18.770271913063183,
                "1": 18.744756223435296,
                "2": 19.25504967594285
            },
            "4": {
                "0": 0.6753038476961666,
                "1": 0.7584160231917463,
                "2": 0.7608097006314178
            },
            "5": {
                "0": 10.32185509275892,
                "1": 10.083579427468798,
                "2": 10.219645758173233
            },
            "6": {
                "0": 0.00011554141300358298,
                "1": 0.0006055871291032675,
                "2": 0.0002645371278536795
            },
            "7": {
                "0": 18.973649612806845,
                "1": 19.079476930086248,
                "2": 18.950725332214102
            },
            "8": {
                "0": 0.21209007787440065,
                "1": 0.11766873569549624,
                "2": 0.2223913528176706
            },
            "9": {
                "0": 12.99713448908146,
                "1": 13.085927610300343,
                "2": 13.075464468650159
            },
            "10": {
                "0": 17.530377358176143,
                "1": 17.4207653326009,
                "2": 17.47017360729996
            },
            "11": {
                "0": 17.355821021303097,
                "1": 16.840364261200108,
                "2": 16.943879995381153
            },
            "12": {
                "0": 14.748373864278063,
                "1": 14.696185530436143,
                "2": 14.518756804577373
            },
            "13": {
                "0": 19.023214166823102,
                "1": 18.770383401361055,
                "2": 18.181315450280223
            },
            "14": {
                "0": 0.18792722742539517,
                "1": 0.20174044817457454,
                "2": 0.20397723343879443
            },
            "15": {
                "0": 0.013674949335218928,
                "1": 0.00012482519383787832,
                "2": 0.00025994252410071507
            },
            "16": {
                "0": 0.02395388256254452,
                "1": 7.220017374734303e-06,
                "2": 0.0029520259638671914
            },
            "17": {
                "0": 0.2525986837418662,
                "1": 0.22421499895985514,
                "2": 0.21977495235402075
            },
            "18": {
                "0": 0.0007374613007422107,
                "1": 8.82002592921937e-06,
                "2": 0.00031253256016150303
            },
            "19": {
                "0": 0.0005314741614961052,
                "1": 0.00019209230009395104,
                "2": 4.418065063834919e-05
            }
        }
    },
    "C": {
        "brisbane": {
            "0": {
                "0": 9.323930554188102,
                "1": 9.360224471344264,
                "2": 9.181119662828166
            },
            "1": {
                "0": 16.658273754482195,
                "1": 16.702920686708232,
                "2": 16.746495605423267
            },
            "2": {
                "0": 0.943543894075267,
                "1": 0.8859692098046164,
                "2": 0.9125097866905305
            },
            "3": {
                "0": 18.312057908642814,
                "1": 18.27860984215381,
                "2": 18.310059835263527
            },
            "4": {
                "0": 0.7372101201848487,
                "1": 0.7655283120371934,
                "2": 0.7326075607206489
            },
            "5": {
                "0": 10.597669974734634,
                "1": 10.445308217194931,
                "2": 10.534300487093816
            },
            "6": {
                "0": 9.682721628695174e-06,
                "1": 0.00015140582810929323,
                "2": 2.4506236242240274e-05
            },
            "7": {
                "0": 18.720281775925503,
                "1": 18.819924711989742,
                "2": 18.788665016787945
            },
            "8": {
                "0": 0.19319832743965049,
                "1": 0.1842560630378805,
                "2": 0.1827594639413605
            },
            "9": {
                "0": 11.742062156295395,
                "1": 11.831518201007949,
                "2": 11.81808195262485
            },
            "10": {
                "0": 17.479903572300085,
                "1": 17.470537371901333,
                "2": 17.47641036696718
            },
            "11": {
                "0": 16.907318299817245,
                "1": 16.950584437394483,
                "2": 16.924994398136906
            },
            "12": {
                "0": 14.472393139921076,
                "1": 14.472331518991725,
                "2": 14.471274719770935
            },
            "13": {
                "0": 18.834523419924516,
                "1": 18.899704295219472,
                "2": 18.90349124351298
            },
            "14": {
                "0": 0.21927560149981629,
                "1": 0.2187300119388531,
                "2": 0.22023192467516786
            },
            "15": {
                "0": 0.0005645862604368168,
                "1": 0.00013448602891187426,
                "2": 0.00044408574118651525
            },
            "16": {
                "0": 0.0027405043704459703,
                "1": 0.0029060361073335733,
                "2": 0.001513263475966354
            },
            "17": {
                "0": 0.25098066194043145,
                "1": 0.2604625077976591,
                "2": 0.24848960847663634
            },
            "18": {
                "0": 0.0009949099922270596,
                "1": 0.0013215622780188147,
                "2": 0.0019108374099308864
            },
            "19": {
                "0": 7.200001727116238e-07,
                "1": 0.00022899748043678052,
                "2": 4.608070780567734e-05
            }
        }
    }
}