{
    "A": {
        "kyiv": {
            "0": {
                "0": 0.5558,
                "1": 0.5644,
                "2": 0.562
            },
            "1": {
                "0": 0.9666,
                "1": 0.9644,
                "2": 0.9678
            },
            "2": {
                "0": 0.434,
                "1": 0.4096,
                "2": 0.4202
            },
            "3": {
                "0": 0.9635,
                "1": 0.9657,
                "2": 0.9874
            },
            "4": {
                "0": 0.3443,
                "1": 0.3555,
                "2": 0.3552
            },
            "5": {
                "0": 0.4948,
                "1": 0.4949,
                "2": 0.5042
            },
            "6": {
                "0": 0.017100000000000004,
                "1": 0.00990000000000002,
                "2": 9.999999999998899e-05
            },
            "7": {
                "0": 0.9447,
                "1": 0.9609,
                "2": 0.9455
            },
            "8": {
                "0": 0.2846,
                "1": 0.27090000000000003,
                "2": 0.2573
            },
            "9": {
                "0": 0.9392,
                "1": 0.9335,
                "2": 0.9431
            },
            "10": {
                "0": 0.9957,
                "1": 0.996,
                "2": 0.996
            },
            "11": {
                "0": 0.996,
                "1": 0.9972,
                "2": 0.9971
            },
            "12": {
                "0": 0.9979,
                "1": 0.9979,
                "2": 0.9984000000000001
            },
            "13": {
                "0": 0.9394,
                "1": 0.9327,
                "2": 0.8752
            },
            "14": {
                "0": 0.2933,
                "1": 0.2863,
                "2": 0.27
            },
            "15": {
                "0": 0.0008000000000000229,
                "1": 0.05589999999999998,
                "2": 0.018299999999999983
            },
            "16": {
                "0": 0.0022999999999999965,
                "1": 0.0014999999999999736,
                "2": 0.0022999999999999965
            },
            "17": {
                "0": 0.3105,
                "1": 0.2992,
                "2": 0.33120000000000005
            },
            "18": {
                "0": 0.005700000000000011,
                "1": 0.0049000000000000155,
                "2": 0.00739999999999999
            },
            "19": {
                "0": 0.006000000000000005,
                "1": 0.018299999999999983,
                "2": 0.013299999999999979
            }
        },
        "nazca": {
            "0": {
                "0": 0.5772,
                "1": 0.5799,
                "2": 0.5671
            },
            "1": {
                "0": 0.965,
                "1": 0.9679,
                "2": 0.9677
            },
            "2": {
                "0": 0.40890000000000004,
                "1": 0.3985,
                "2": 0.4048
            },
            "3": {
                "0": 0.9696,
                "1": 0.9483,
                "2": 0.9582
            },
            "4": {
                "0": 0.3009,
                "1": 0.3457,
                "2": 0.3523
            },
            "5": {
                "0": 0.4954,
                "1": 0.4888,
                "2": 0.5008
            },
            "6": {
                "0": 0.038699999999999984,
                "1": 0.0004999999999999727,
                "2": 0.4253
            },
            "7": {
                "0": 0.9287,
                "1": 0.9898,
                "2": 0.9389
            },
            "8": {
                "0": 0.2911,
                "1": 0.3581,
                "2": 0.3127
            },
            "9": {
                "0": 0.9448,
                "1": 0.9482,
                "2": 0.9401
            },
            "10": {
                "0": 0.9953,
                "1": 0.9935,
                "2": 0.995
            },
            "11": {
                "0": 0.9996,
                "1": 0.9968,
                "2": 0.9961
            },
            "12": {
                "0": 0.9981,
                "1": 0.9982000000000001,
                "2": 0.9974000000000001
            },
            "13": {
                "0": 0.9423,
                "1": 0.9333,
                "2": 0.9376
            },
            "14": {
                "0": 0.3062,
                "1": 0.2778,
                "2": 0.29789999999999994
            },
            "15": {
                "0": 0.0008000000000000229,
                "1": 0.04239999999999999,
                "2": 0.0040999999999999925
            },
            "16": {
                "0": 0.011199999999999988,
                "1": 0.010700000000000015,
                "2": 0.00949999999999998
            },
            "17": {
                "0": 0.3042,
                "1": 0.30300000000000005,
                "2": 0.3067
            },
            "18": {
                "0": 0.0024999999999999745,
                "1": 0.006099999999999994,
                "2": 0.009800000000000003
            },
            "19": {
                "0": 0.00019999999999997797,
                "1": 0.034800000000000025,
                "2": 0.006000000000000005
            }
        }
    },
    "C": {
        "kyiv": {
            "0": {
                "0": 0.5675,
                "1": 0.566,
                "2": 0.5632
            },
            "1": {
                "0": 0.9658,
                "1": 0.9617,
                "2": 0.961
            },
            "2": {
                "0": 0.4035,
                "1": 0.3995,
                "2": 0.40190000000000003
            },
            "3": {
                "0": 0.9621999999999999,
                "1": 0.9641,
                "2": 0.9617
            },
            "4": {
                "0": 0.3664,
                "1": 0.3623,
                "2": 0.3567
            },
            "5": {
                "0": 0.5175000000000001,
                "1": 0.5168,
                "2": 0.5097
            },
            "6": {
                "0": 0.003799999999999998,
                "1": 0.005700000000000011,
                "2": 0.021399999999999975
            },
            "7": {
                "0": 0.9502,
                "1": 0.9518,
                "2": 0.9499
            },
            "8": {
                "0": 0.2488,
                "1": 0.24489999999999998,
                "2": 0.2462
            },
            "9": {
                "0": 0.8282,
                "1": 0.8314,
                "2": 0.8323
            },
            "10": {
                "0": 0.9872,
                "1": 0.9868,
                "2": 0.9877
            },
            "11": {
                "0": 0.9967,
                "1": 0.997,
                "2": 0.9978
            },
            "12": {
                "0": 0.9981,
                "1": 0.9983000000000001,
                "2": 0.9973000000000001
            },
            "13": {
                "0": 0.9365,
                "1": 0.9339999999999999,
                "2": 0.9316
            },
            "14": {
                "0": 0.2762,
                "1": 0.27949999999999997,
                "2": 0.2833
            },
            "15": {
                "0": 0.0049000000000000155,
                "1": 0.0,
                "2": 0.006000000000000005
            },
            "16": {
                "0": 0.015100000000000002,
                "1": 0.020900000000000002,
                "2": 0.014499999999999985
            },