{
    "A": {
        "kyiv": {
            "0": {
                "0": 9.313538515780454,
                "1": 9.21033124704763,
                "2": 9.287395545680733
            },
            "1": {
                "0": 16.68070276963,
                "1": 16.760745456101972,
                "2": 16.666455793390938
            },
            "2": {
                "0": 1.092226070229767,
                "1": 0.9711761162043219,
                "2": 0.9371391167594738
            },
            "3": {
                "0": 18.726971699755335,
                "1": 18.777779330633074,
                "2": 19.428788795615166
            },
            "4": {
                "0": 0.7482925176500208,
                "1": 0.7816178903055909,
                "2": 0.781949241899747
            },
            "5": {
                "0": 10.01495860394785,
                "1": 10.016704178427426,
                "2": 10.21791944544159
            },
            "6": {
                "0": 0.0005848850565731006,
                "1": 0.00019605065242548313,
                "2": 2.0006675719428692e-08
            },
            "7": {
                "0": 18.98138452952587,
                "1": 19.398404035082184,
                "2": 19.004918398183772
            },
            "8": {
                "0": 0.20626223292119047,
                "1": 0.2442320660670693,
                "2": 0.17018287824844874
            },
            "9": {
                "0": 12.999803945378705,
                "1": 12.921405901239826,
                "2": 13.058619048000649
            },
            "10": {
                "0": 17.400587132017346,
                "1": 17.417807038521616,
                "2": 17.41113125428599
            },
            "11": {
                "0": 16.837977873592422,
                "1": 16.866650274031368,
                "2": 16.83700811905651
            },
            "12": {
                "0": 14.61043136211183,
                "1": 14.482009568726975,
                "2": 14.51164921973112
            },
            "13": {
                "0": 18.858375999440362,
                "1": 18.710869207338295,
                "2": 17.851912285289313
            },
            "14": {
                "0": 0.2079527036802836,
                "1": 0.1987326096028242,
                "2": 0.17802264747387597
            },
            "15": {
                "0": 1.2800005458780007e-06,
                "1": 0.006262704780361068,
                "2": 0.0006699296151308418
            },
            "16": {
                "0": 1.0580037310332826e-05,
                "1": 4.500006749068482e-06,
                "2": 1.0580037310332826e-05
            },
            "17": {
                "0": 0.24065355861659227,
                "1": 0.22463335377807825,
                "2": 0.2713257156804098
            },
            "18": {
                "0": 6.49814075270299e-05,
                "1": 4.802076866005853e-05,
                "2": 0.00010952399853846398
            },
            "19": {
                "0": 7.20017280850839e-05,
                "1": 0.0006699296151308418,
                "2": 0.0003538217318376155
            }
        },
        "nazca": {
            "0": {
                "0": 9.423655060363267,
                "1": 9.342515317702038,
                "2": 9.347132447583057
            },
            "1": {
                "0": 16.716060333149073,
                "1": 16.750067198304926,
                "2": 16.691606259461533
            },
            "2": {
                "0": 0.9615052317617252,
                "1": 0.9688987113836938,
                "2": 1.0314013924652414
            },
            "3": {
                "0": 18.869293264976275,
                "1": 18.51745431956216,
                "2": 18.618878431119487
            },
            "4": {
                "0": 0.6110593295703948,
                "1": 0.7517379142625615,
                "2": 0.7720411152069488
            },
            "5": {
                "0": 10.02767585108795,
                "1": 9.885414095627166,
                "2": 10.146870966355468
            },
            "6": {
                "0": 0.0029965514021862497,
                "1": 5.001596876618147e-07,
                "2": 0.4205106031263313
            },
            "7": {
                "0": 18.620993055960014,
                "1": 20.452908929198177,
                "2": 18.85155557627786
            },
            "8": {
                "0": 0.21141219554502075,
                "1": 0.3391673733165038,
                "2": 0.2762319012377041
            },
            "9": {
                "0": 13.086248470320491,
                "1": 13.196522697033746,
                "2": 13.110370389529498
            },
            "10": {
                "0": 17.387105170050116,
                "1": 17.709430180671585,
                "2": 17.714699595457088
            },
            "11": {
                "0": 16.919490431655753,
                "1": 17.043821918721775,
                "2": 17.20710452932357
            },
            "12": {
                "0": 14.51909753938021,
                "1": 15.227622180211494,
                "2": 14.48937460321217
            },
            "13": {
                "0": 18.93326978689797,
                "1": 18.722115195477013,
                "2": 18.820294443619765
            },
            "14": {
                "0": 0.2254576327467512,
                "1": 0.18780029218170038,
                "2": 0.21411836044498828
            },
            "15": {
                "0": 1.2800005458780007e-06,
                "1": 0.0035998416971428707,
                "2": 3.3620376771542615e-05
            },
            "16": {
                "0": 0.0002509009844198964,
                "1": 0.00022899748043678052,
                "2": 0.00018051086161561397
            },
            "17": {
                "0": 0.23165893856216643,
                "1": 0.22996367782946428,
                "2": 0.23520923182300246
            },
            "18": {
                "0": 1.2500052081242888e-05,
                "1": 7.442184620716757e-05,
                "2": 0.00019209230009395104
            },
            "19": {
                "0": 8.000000217283526e-08,
                "1": 0.0024240392889695664,
                "2": 7.20017280850839e-05
            }
        }
    },
    "C": {
        "kyiv": {
            "0": {
                "0": 9.276558529168629,
                "1": 9.210018686366949,
                "2": 9.13646357595995
            },
            "1": {
                "0": 16.715507392405154,
                "1": 16.58823316899123,
                "2": 16.62682720640995
            },
            "2": {
                "0": 0.9461266105668923,
                "1": 0.8753232249111157,
                "2": 0.9349821314351447
            },
            "3": {
                "0": 18.69874782048304,
                "1": 18.74295434966262,
                "2": 18.688688696202487
            },
            "4": {
                "0": 0.8215920405683104,
                "1": 0.8061662164890369,
                "2": 0.7885597514187683
            },
            "5": {
                "0": 10.507335361286017,
                "1": 10.49274898618738,
                "2": 10.338924480333343
            },
            "6": {
                "0": 2.888718297399317e-05,
                "1": 6.49939467409098e-05,
                "2": 0.0009160274055531326
            },
            "7": {
                "0": 19.12264465327834,
                "1": 19.155578580427353,
                "2": 19.113563598416825
            },
            "8": {
                "0": 0.14581702103963878,