{
    "A": {
        "kyoto": {
            "0": {
                "0": 0.5683,
                "1": 0.5649,
                "2": 0.5809
            },
            "1": {
                "0": 0.9702999999999999,
                "1": 0.9692999999999999,
                "2": 0.9673
            },
            "2": {
                "0": 0.3993,
                "1": 0.4164,
                "2": 0.3908
            },
            "3": {
                "0": 0.9712,
                "1": 0.97,
                "2": 0.9632000000000001
            },
            "4": {
                "0": 0.2933,
                "1": 0.3507,
                "2": 0.3575
            },
            "5": {
                "0": 0.4873,
                "1": 0.4998,
                "2": 0.5095000000000001
            },
            "6": {
                "0": 0.005800000000000027,
                "1": 0.02770000000000003,
                "2": 0.003799999999999998
            },
            "7": {
                "0": 0.945,
                "1": 0.9463,
                "2": 0.9468
            },
            "8": {
                "0": 0.24889999999999998,
                "1": 0.2428,
                "2": 0.2602
            },
            "9": {
                "0": 0.9517,
                "1": 0.9498,
                "2": 0.9491
            },
            "10": {
                "0": 0.9961,
                "1": 0.9949,
                "2": 0.9955
            },
            "11": {
                "0": 0.995,
                "1": 0.9997,
                "2": 0.9988
            },
            "12": {
                "0": 0.9977,
                "1": 0.9974000000000001,
                "2": 0.9982000000000001
            },
            "13": {
                "0": 0.9305,
                "1": 0.9319999999999999,
                "2": 0.9446
            },
            "14": {
                "0": 0.3387,
                "1": 0.28779999999999994,
                "2": 0.29269999999999996
            },
            "15": {
                "0": 0.01419999999999999,
                "1": 0.005800000000000027,
                "2": 0.022399999999999975
            },
            "16": {
                "0": 0.015199999999999991,
                "1": 0.1368,
                "2": 0.00990000000000002
            },
            "17": {
                "0": 0.3124,
                "1": 0.3833,
                "2": 0.2974
            },
            "18": {
                "0": 0.0013999999999999846,
                "1": 0.018199999999999994,
                "2": 0.014800000000000008
            },
            "19": {
                "0": 0.019800000000000012,
                "1": 0.011600000000000027,
                "2": 0.033800000000000024
            }
        },
        "nazca": {
            "0": {
                "0": 0.5773,
                "1": 0.6691,
                "2": 0.6538
            },
            "1": {
                "0": 0.9655,
                "1": 0.9675,
                "2": 0.9668
            },
            "2": {
                "0": 0.4043,
                "1": 0.3912,
                "2": 0.4072
            },
            "3": {
                "0": 0.9718,
                "1": 0.9469,
                "2": 0.9645
            },
            "4": {
                "0": 0.3535,
                "1": 0.3456,
                "2": 0.349
            },
            "5": {
                "0": 0.9285,
                "1": 0.4867,
                "2": 0.9279000000000001
            },
            "6": {
                "0": 0.01570000000000002,
                "1": 0.008800000000000002,
                "2": 0.005600000000000022
            },
            "7": {
                "0": 0.9473,
                "1": 0.9321,
                "2": 0.9912
            },
            "8": {
                "0": 0.21089999999999998,
                "1": 0.26699999999999996,
                "2": 0.2839
            },
            "9": {
                "0": 0.9420000000000001,
                "1": 0.9500000000000001,
                "2": 0.9391
            },
            "10": {
                "0": 0.9958,
                "1": 0.9961,
                "2": 0.994
            },
            "11": {
                "0": 0.9985,
                "1": 0.9972,
                "2": 0.9993
            },
            "12": {
                "0": 0.9983000000000001,
                "1": 0.9986,
                "2": 0.9985
            },
            "13": {
                "0": 0.9662,
                "1": 0.8513,
                "2": 0.94
            },
            "14": {
                "0": 0.2793,
                "1": 0.2935,
                "2": 0.29159999999999997
            },
            "15": {
                "0": 0.17259999999999998,
                "1": 0.0010999999999999899,
                "2": 0.0008000000000000229
            },
            "16": {
                "0": 0.4487,
                "1": 0.01670000000000002,
                "2": 0.06730000000000003
            },
            "17": {
                "0": 0.31600000000000006,
                "1": 0.2923,
                "2": 0.2978
            },
            "18": {
                "0": 0.012700000000000017,
                "1": 0.0019000000000000128,
                "2": 0.005600000000000022
            },
            "19": {
                "0": 0.008900000000000019,
                "1": 0.009299999999999975,
                "2": 0.032200000000000006
            }
        }
    },
    "C": {
        "kyoto": {
            "0": {
                "0": 0.5629000000000001,
                "1": 0.5648,
                "2": 0.5632
            },
            "1": {
                "0": 0.9708,
                "1": 0.9681,
                "2": 0.9679
            },
            "2": {
                "0": 0.41200000000000003,
                "1": 0.40240000000000004,
                "2": 0.4018
            },
            "3": {
                "0": 0.9717,
                "1": 0.9735,
                "2": 0.9722
            },
            "4": {
                "0": 0.3638,
                "1": 0.3592,
                "2": 0.3605
            },
            "5": {
                "0": 0.5007,
                "1": 0.5083,
                "2": 0.5055000000000001
            },
            "6": {
                "0": 0.008900000000000019,
                "1": 0.009399999999999992,
                "2": 0.005299999999999971
            },
            "7": {
                "0": 0.9402,
                "1": 0.9408,
                "2": 0.9363
            },
            "8": {
                "0": 0.2716,
                "1": 0.2758,
                "2": 0.2759
            },
            "9": {
                "0": 0.888,
                "1": 0.8874,
                "2": 0.8849
            },
            "10": {
                "0": 0.9934,
                "1": 0.9925,
                "2": 0.9938
            },
            "11": {
                "0": 0.9948,
                "1": 0.9935,
                "2": 0.9956
            },
            "12": {
                "0": 0.9982000000000001,
                "1": 0.9981,
                "2": 0.9982000000000001
            },
            "13": {
                "0": 0.9319,
                "1": 0.9319999999999999,
                "2": 0.9341
            },
            "14": {
                "0": 0.3036,
                "1": 0.31179999999999997,
                "2": 0.3103
            },
            "15": {
                "0": 0.03269999999999998,
                "1": 0.03639999999999999,
                "2": 0.0353
            },
            "16": {
                "0": 0.00949999999999998,