{
    "A": {
        "kyoto": {
            "0": {
                "0": 9.26288590547589,
                "1": 9.297868624503675,
                "2": 9.300427444910067
            },
            "1": {
                "0": 16.795248592044075,
                "1": 16.758532263515413,
                "2": 16.554681449207134
            },
            "2": {
                "0": 0.9616315788464225,
                "1": 0.9261822153460464,
                "2": 0.8421001031177424
            },
            "3": {
                "0": 18.902299753266444,
                "1": 18.87248343468376,
                "2": 18.72828426587385
            },
            "4": {
                "0": 0.6107879691951622,
                "1": 0.7672230162995899,
                "2": 0.7925254094143104
            },
            "5": {
                "0": 9.8660403386967,
                "1": 10.122400400758051,
                "2": 10.341017100824976
            },
            "6": {
                "0": 6.731328162522601e-05,
                "1": 0.0015369101072739318,
                "2": 2.888718297399317e-05
            },
            "7": {
                "0": 18.991260248420026,
                "1": 19.023887418022074,
                "2": 19.037627907265392
            },
            "8": {
                "0": 0.16804242210052922,
                "1": 0.17850550875797827,
                "2": 0.16364812218350874
            },
            "9": {
                "0": 13.202296727640013,
                "1": 13.191676660743283,
                "2": 13.164779819254493
            },
            "10": {
                "0": 17.409803905107317,
                "1": 17.379841524227317,
                "2": 17.41443750578995
            },
            "11": {
                "0": 16.823046647334056,
                "1": 16.902717632753145,
                "2": 16.955182301319393
            },
            "12": {
                "0": 14.477538706652256,
                "1": 14.498841320032733,
                "2": 14.479402069755793
            },
            "13": {
                "0": 18.663149730600185,
                "1": 18.699145653376704,
                "2": 18.979741493614757
            },
            "14": {
                "0": 0.27251944129538064,
                "1": 0.20069184344086216,
                "2": 0.20715472926583187
            },
            "15": {
                "0": 0.0004033342290030179,
                "1": 6.728150893395117e-05,
                "2": 0.0010038559537119927
            },
            "16": {
                "0": 0.000462151198872671,
                "1": 0.03791001413013856,
                "2": 0.00019603280991655793
            },
            "17": {
                "0": 0.24339738402206865,
                "1": 0.35615843470825626,
                "2": 0.2221286258418877
            },
            "18": {
                "0": 3.920005121309982e-06,
                "1": 0.0006626263707057087,
                "2": 0.00043814399370478013
            },
            "19": {
                "0": 0.0007842850556433779,
                "1": 0.0002691441470034396,
                "2": 0.00228662341385482
            }
        },
        "nazca": {
            "0": {
                "0": 9.356915000986339,
                "1": 10.007174293325392,
                "2": 9.856875435812587
            },
            "1": {
                "0": 16.671124439794273,
                "1": 16.672397305505697,
                "2": 16.867023066526503
            },
            "2": {
                "0": 0.9704995046560656,
                "1": 0.8875577883962835,
                "2": 0.9916033072835525
            },
            "3": {
                "0": 18.9425365623207,
                "1": 18.82030700758678,
                "2": 18.747412138611683
            },
            "4": {
                "0": 0.7775453258413672,
                "1": 0.752912332750996,
                "2": 0.7614527601652814
            },
            "5": {
                "0": 19.83584181995155,
                "1": 10.202092020996098,
                "2": 20.255717383059142
            },
            "6": {
                "0": 0.000493036497057996,
                "1": 0.00015490623006965583,
                "2": 6.273356666279019e-05
            },
            "7": {
                "0": 19.050294067692203,
                "1": 18.69159299837494,
                "2": 20.446700838639572
            },
            "8": {
                "0": 0.12037733726322215,
                "1": 0.20256502645973304,
                "2": 0.2254394840357118
            },
            "9": {
                "0": 13.091771677938668,
                "1": 13.190836124000404,
                "2": 13.032413908175265
            },
            "10": {
                "0": 17.39737323013057,
                "1": 17.403057832309837,
                "2": 17.800439047072096
            },
            "11": {
                "0": 16.908479103800673,
                "1": 17.34087549293774,
                "2": 17.40019794521926
            },
            "12": {
                "0": 14.918659777145391,
                "1": 14.918970349729115,
                "2": 14.863487749390695
            },
            "13": {
                "0": 19.53410882019562,
                "1": 17.301633708163333,
                "2": 18.873558929069173
            },
            "14": {
                "0": 0.18970852195986043,
                "1": 0.2082190152087034,
                "2": 0.20569551671916458
            },
            "15": {
                "0": 0.06082513367883444,
                "1": 2.420001951597677e-06,
                "2": 1.2800005458780007e-06
            },
            "16": {
                "0": 0.490821811665402,
                "1": 0.00055788375236843,
                "2": 0.009086132788603485
            },
            "17": {
                "0": 0.24863582086960875,
                "1": 0.21510229959785238,
                "2": 0.2226841118254964
            },
            "18": {
                "0": 0.0003226146948420005,
                "1": 7.220017374734303e-06,
                "2": 6.272131131944327e-05
            },
            "19": {
                "0": 0.0001584283666608531,
                "1": 0.00017298997537275318,
                "2": 0.002075115765697473
            }
        }
    },
    "C": {
        "kyoto": {
            "0": {
                "0": 9.276797672771334,
                "1": 9.25827524166202,
                "2": 9.283948402851165
            },
            "1": {
                "0": 16.78072008197996,
                "1": 16.760408540837673,
                "2": 16.70652231333727
            },
            "2": {
                "0": 0.9527062047294264,
                "1": 0.9055301931752668,
                "2": 0.94730821570192
            },
            "3": {
                "0": 18.922058004810403,
                "1": 18.963158130320267,
                "2": 18.931524251654906
            },
            "4": {
                "0": 0.8125214015189726,
                "1": 0.7948986588570905,
                "2": 0.7992685384565228
            },
            "5": {
                "0": 10.142402061577815,
                "1": 10.307103987307935,
                "2": 10.246432091749028
            },
            "6": {
                "0": 0.00015844663204473731,
                "1": 0.00017674864197184635,
                "2": 5.619243864825839e-05
            },
            "7": {
                "0": 18.879207275184708,
                "1": 18.892454262967842,
                "2": 18.789077746494094
            },
            "8": {
                "0": 0.19200467248765812,